f1,f2,f3,f4,label
6.40,2.96,4.00,1.36,versicolor
5.98,2.80,3.98,1.36,versicolor
7.07,2.83,5.39,1.79,virginica
4.90,3.10,1.21,0.50,setosa
6.97,3.09,5.26,2.05,virginica
5.72,3.14,3.96,1.21,versicolor
5.36,3.68,1.34,0.40,setosa
6.57,2.91,5.69,1.98,virginica
5.49,2.67,4.65,1.49,versicolor
6.06,3.25,3.74,1.48,versicolor
4.43,3.52,1.48,0.31,setosa
6.26,3.01,4.00,1.53,versicolor
4.43,3.50,1.14,0.10,setosa
6.53,3.40,5.08,2.05,virginica
5.69,2.57,4.32,1.32,versicolor
6.11,2.60,3.91,1.29,versicolor
5.13,3.61,1.65,0.38,setosa
5.17,3.77,1.85,0.04,setosa
5.95,2.80,4.40,1.60,versicolor
4.90,3.58,1.39,0.11,setosa
5.42,3.47,1.50,0.53,setosa
6.38,2.95,4.11,1.27,versicolor
5.06,3.48,1.39,0.44,setosa
7.04,2.63,5.65,1.72,virginica
5.44,3.28,1.44,0.25,setosa
4.85,3.34,1.61,0.23,setosa
4.56,3.37,1.50,0.01,setosa
5.62,2.95,5.42,2.12,virginica
5.40,3.27,1.82,0.30,setosa
6.55,3.25,5.80,1.54,virginica
6.08,2.96,4.61,1.17,versicolor
4.81,3.32,0.95,0.53,setosa
6.31,2.72,5.18,1.26,versicolor
6.55,2.53,3.96,1.23,versicolor
5.87,3.03,5.57,2.02,virginica
6.60,3.36,5.68,1.76,virginica
5.94,3.09,4.63,2.04,virginica
5.93,2.36,3.91,1.37,versicolor
4.83,3.23,1.64,0.07,setosa
6.48,2.93,5.32,2.02,virginica
6.50,2.72,5.10,2.01,virginica
5.28,3.54,1.83,0.06,setosa
5.75,2.73,4.26,1.24,versicolor
6.37,3.07,5.53,1.91,virginica
6.75,3.35,5.49,2.40,virginica
4.39,3.55,1.25,0.39,setosa
5.85,2.76,4.17,1.06,versicolor
4.53,3.71,1.68,0.18,setosa
7.18,3.03,5.37,1.92,virginica
5.58,2.77,4.44,1.22,versicolor
6.01,3.13,5.62,1.80,virginica
4.71,3.28,1.56,0.34,setosa
6.72,3.22,5.40,1.95,virginica
6.09,3.01,4.53,1.50,versicolor
6.11,3.04,3.62,1.48,versicolor
4.64,3.25,1.62,0.15,setosa
6.33,2.75,3.91,1.20,versicolor
5.18,2.76,4.74,1.39,versicolor
5.36,2.96,4.51,0.95,versicolor
5.52,3.35,1.98,0.24,setosa
4.92,2.87,4.63,1.66,versicolor
4.83,3.80,1.18,-0.05,setosa
6.97,2.88,5.82,1.83,virginica
5.14,3.35,1.68,0.57,setosa
6.93,3.01,5.50,2.05,virginica
4.56,3.67,1.22,0.35,setosa
4.85,3.46,1.27,0.25,setosa
5.86,2.69,4.51,1.11,versicolor
6.60,3.03,5.69,2.17,virginica
5.26,3.06,1.31,0.53,setosa
5.83,2.95,4.26,1.51,versicolor
6.54,2.70,4.85,2.22,virginica
6.09,2.80,5.36,2.02,virginica
6.92,2.80,5.55,1.88,virginica
6.40,2.95,4.40,1.34,versicolor
6.36,2.89,4.53,1.46,versicolor
5.04,3.72,1.60,0.09,setosa
6.55,2.89,5.25,2.34,virginica
6.57,3.26,5.62,2.24,virginica
6.31,2.83,5.56,1.98,virginica
4.83,3.24,1.60,0.44,setosa
5.37,2.72,4.77,1.68,versicolor
5.30,2.57,4.58,1.11,versicolor
4.72,3.53,1.01,0.24,setosa
6.76,3.10,5.76,2.07,virginica
6.52,3.05,5.64,1.89,virginica
5.53,2.96,3.97,1.18,versicolor
6.24,2.96,3.88,1.27,versicolor
5.54,3.38,1.21,0.27,setosa
6.73,3.26,5.31,2.16,virginica
6.50,3.20,5.77,1.96,virginica
6.94,3.13,5.72,1.84,virginica
5.35,3.45,1.03,0.42,setosa
4.34,3.54,1.25,0.07,setosa
6.03,2.62,4.17,1.33,versicolor
5.13,2.89,1.54,0.12,setosa
4.74,3.16,1.31,0.16,setosa
5.12,3.28,1.39,0.08,setosa
4.70,3.10,2.28,0.31,setosa
6.36,2.83,5.66,2.26,virginica
5.27,4.00,0.93,0.43,setosa
4.42,3.21,1.35,0.10,setosa
6.32,2.83,4.29,1.34,versicolor
4.97,3.02,1.46,0.10,setosa
4.98,3.58,1.88,0.05,setosa
4.92,2.62,4.07,1.26,versicolor
5.89,3.08,4.98,2.13,virginica
4.61,3.75,1.05,0.29,setosa
4.92,3.42,1.06,0.13,setosa
5.87,2.71,4.28,1.48,versicolor
6.22,3.13,5.57,2.38,virginica
6.41,2.70,5.44,2.37,virginica
5.58,2.88,4.33,1.38,versicolor
7.05,2.94,5.60,2.01,virginica
6.48,2.94,5.04,1.70,virginica
4.99,3.58,1.32,0.23,setosa
6.88,3.06,5.47,1.72,virginica
6.09,3.01,4.38,0.90,versicolor
6.27,3.07,5.89,2.09,virginica
7.05,2.95,4.92,1.98,virginica
4.74,3.33,1.43,0.38,setosa
4.79,3.35,0.95,0.04,setosa
5.08,3.40,1.09,0.26,setosa
5.89,2.63,4.90,0.97,versicolor
4.35,2.94,1.02,0.30,setosa
4.98,3.48,1.20,0.13,setosa
6.84,2.82,5.63,1.93,virginica
6.50,3.06,4.15,1.23,versicolor
6.18,2.98,4.94,1.93,virginica
6.47,2.51,5.89,1.80,virginica
6.36,3.61,4.50,1.31,versicolor
5.27,3.02,4.40,1.39,versicolor
7.23,2.91,5.52,1.83,virginica
5.71,2.97,4.84,1.21,versicolor
5.62,3.07,4.27,1.62,versicolor
5.14,3.42,1.80,0.11,setosa
4.94,3.49,1.75,0.29,setosa
6.75,3.01,6.09,2.01,virginica
4.83,3.55,1.70,0.15,setosa
6.76,3.16,6.02,1.81,virginica
4.88,3.61,1.50,0.36,setosa
6.30,2.48,4.47,1.19,versicolor
6.03,2.82,5.66,1.87,virginica
5.50,3.76,1.51,0.21,setosa
5.38,3.29,1.48,0.11,setosa
4.98,3.18,1.47,0.26,setosa
5.64,2.47,4.05,1.39,versicolor
4.20,3.55,1.15,0.06,setosa
6.35,2.90,4.23,1.10,versicolor
4.74,3.50,1.49,0.30,setosa
4.97,3.30,1.36,0.50,setosa
5.15,3.09,1.78,0.49,setosa
4.83,3.03,1.10,-0.04,setosa
6.73,2.92,5.57,1.81,virginica
4.67,3.26,1.36,0.24,setosa
5.67,2.73,4.18,1.29,versicolor
6.24,3.27,5.13,2.13,virginica
6.40,2.92,5.60,2.10,virginica
6.37,3.05,5.67,2.25,virginica
4.48,3.69,1.58,0.21,setosa
6.10,2.50,4.19,1.33,versicolor
5.33,3.65,1.79,0.28,setosa
6.09,2.93,5.45,1.96,virginica
7.17,2.86,5.82,2.18,virginica
5.12,3.52,1.32,0.06,setosa
6.23,3.16,5.73,2.37,virginica
7.43,3.31,5.51,1.93,virginica
5.25,3.25,1.52,0.14,setosa
6.19,2.99,4.39,1.69,versicolor
7.17,2.81,5.38,1.81,virginica
4.95,3.02,1.45,0.27,setosa
6.04,2.87,5.28,2.28,virginica
5.04,3.21,1.49,0.38,setosa
5.57,2.81,4.08,1.53,versicolor
5.29,3.32,1.24,-0.09,setosa
6.27,3.05,4.18,1.24,versicolor
6.82,2.76,5.89,2.21,virginica
5.71,3.33,1.32,0.31,setosa
4.05,3.26,1.71,-0.05,setosa
4.33,3.48,1.60,0.15,setosa
4.96,3.08,1.94,-0.18,setosa
5.94,3.09,4.45,1.51,versicolor
5.28,2.76,4.26,1.08,versicolor
6.56,3.19,6.18,2.20,virginica
6.95,3.05,5.66,1.91,virginica
6.67,3.20,5.07,1.67,virginica
6.57,2.88,5.49,2.24,virginica
5.71,2.72,4.55,1.39,versicolor
6.35,2.63,4.42,1.73,versicolor
6.58,3.01,5.66,1.85,virginica
6.44,2.99,5.80,2.14,virginica
6.10,2.96,5.40,2.38,virginica
5.41,3.34,1.41,0.27,setosa
6.94,3.12,4.98,2.11,virginica
5.88,2.76,4.11,1.04,versicolor
6.06,2.83,4.62,1.46,versicolor
5.71,2.49,3.99,1.27,versicolor
5.42,2.69,4.46,1.08,versicolor
5.98,2.99,4.45,1.37,versicolor
6.13,2.74,4.30,1.20,versicolor
4.93,3.22,2.13,0.34,setosa
5.82,2.87,5.47,1.92,virginica
6.17,2.83,4.07,1.25,versicolor
5.65,2.85,4.18,1.38,versicolor
5.53,3.02,3.83,0.96,versicolor
6.23,3.08,4.11,1.14,versicolor
6.78,2.96,5.56,1.89,virginica
4.88,3.12,1.54,0.23,setosa
5.39,2.68,4.48,1.30,versicolor
5.09,3.39,1.55,0.26,setosa
6.35,2.88,4.12,1.42,versicolor
7.11,2.88,5.65,2.27,virginica
5.37,3.61,1.97,0.20,setosa
5.85,2.59,3.96,1.32,versicolor
6.45,3.19,6.02,1.89,virginica
6.46,2.78,4.61,1.18,versicolor
6.53,2.95,4.18,1.41,versicolor
4.90,3.63,1.49,-0.15,setosa
5.88,2.93,4.07,1.58,versicolor
5.83,2.55,3.93,1.68,versicolor
6.50,3.29,4.76,2.13,virginica
5.03,3.43,1.45,0.17,setosa
6.50,2.65,4.54,1.32,versicolor
6.88,2.88,5.06,2.41,virginica
5.62,2.73,4.61,1.27,versicolor
6.92,3.05,5.50,2.02,virginica
6.10,3.23,4.28,1.40,versicolor
6.79,2.94,6.06,1.82,virginica
4.84,3.73,1.76,0.39,setosa
5.28,3.70,1.43,0.38,setosa
6.25,2.85,5.55,2.12,virginica
4.87,3.20,1.84,0.25,setosa
5.72,2.81,4.16,0.88,versicolor
5.30,3.54,1.46,-0.06,setosa
4.85,3.55,1.38,0.21,setosa
5.16,3.23,1.01,-0.01,setosa
6.69,3.26,5.56,1.82,virginica
5.01,3.50,1.34,-0.13,setosa
6.00,2.83,4.53,1.67,versicolor
5.77,2.87,4.11,0.95,versicolor
5.20,3.59,2.14,0.48,setosa
5.05,3.09,1.87,0.51,setosa
6.38,2.97,5.56,2.01,virginica
6.04,2.63,4.47,1.14,versicolor
6.24,3.17,5.77,2.47,virginica
5.03,3.20,1.45,0.23,setosa
6.21,2.65,4.19,1.13,versicolor
6.57,2.99,5.44,2.00,virginica
6.57,3.12,5.77,2.31,virginica
6.37,3.01,5.39,1.59,virginica
6.17,2.80,4.78,1.41,versicolor
6.64,3.08,5.49,1.99,virginica
5.61,2.67,4.11,1.30,versicolor
5.74,2.71,3.77,1.32,versicolor
4.63,3.24,1.86,0.63,setosa
6.74,2.95,4.96,1.90,virginica
5.14,3.54,1.31,0.31,setosa
5.63,3.00,3.79,1.15,versicolor
6.65,3.13,5.66,2.00,virginica
6.94,2.78,5.59,2.00,virginica
6.54,2.84,5.26,2.07,virginica
4.44,3.19,1.39,0.71,setosa
5.23,3.55,1.97,0.06,setosa
6.66,3.24,4.84,2.36,virginica
6.57,2.70,4.23,1.32,versicolor
6.55,2.53,4.07,1.24,versicolor
5.82,2.83,4.55,1.24,versicolor
5.77,3.04,5.84,1.84,virginica
5.71,2.84,4.32,1.49,versicolor
6.60,3.14,4.68,1.13,versicolor
5.35,3.38,1.44,0.10,setosa
5.16,3.72,1.52,0.41,setosa
4.45,3.13,1.35,0.16,setosa
5.99,3.54,2.05,0.09,setosa
6.92,2.85,5.67,1.99,virginica
7.16,2.90,5.93,2.04,virginica
7.06,2.76,5.23,2.13,virginica
6.47,3.16,5.25,1.80,virginica
6.29,3.00,4.74,2.08,virginica
5.44,3.01,4.48,1.43,versicolor
6.09,3.18,4.46,1.29,versicolor
6.13,2.97,4.56,1.21,versicolor
5.41,3.32,1.27,0.27,setosa
5.84,2.77,4.30,1.32,versicolor
6.32,3.12,5.66,1.87,virginica
5.06,3.41,1.33,-0.41,setosa
5.97,2.67,4.28,1.41,versicolor
5.93,2.82,4.50,1.38,versicolor
5.52,2.53,4.21,1.57,versicolor
4.79,3.44,1.50,0.07,setosa
6.50,3.02,5.25,1.96,virginica
5.39,3.61,1.83,0.16,setosa
5.46,2.54,4.25,1.16,versicolor
5.51,2.58,4.12,1.12,versicolor
5.12,3.47,2.11,-0.00,setosa
5.63,2.82,3.64,1.22,versicolor
6.50,3.04,5.52,1.90,virginica
6.24,2.59,4.22,1.49,versicolor
6.24,3.09,5.13,2.09,virginica
5.00,3.33,1.28,0.04,setosa
6.18,2.64,4.08,1.04,versicolor
6.52,2.98,5.45,2.03,virginica
5.52,3.24,1.62,0.21,setosa
5.19,3.34,1.74,0.82,setosa
6.76,2.57,5.29,2.13,virginica
6.04,2.76,4.34,1.44,versicolor
6.75,3.21,5.15,1.82,virginica
5.08,3.49,1.29,0.39,setosa
6.73,2.70,5.63,1.87,virginica
6.31,2.90,4.27,1.03,versicolor
6.65,3.28,5.37,2.00,virginica
6.16,2.93,6.19,1.89,virginica
7.19,2.89,5.33,1.75,virginica
4.90,3.38,1.37,0.40,setosa
4.60,3.48,1.26,0.12,setosa
4.58,3.36,0.84,-0.06,setosa
4.72,3.33,1.27,0.28,setosa
4.99,3.55,2.05,0.04,setosa
7.09,2.97,5.71,1.62,virginica
6.90,2.87,5.54,1.57,virginica
5.23,3.19,1.55,0.06,setosa
7.00,3.09,5.35,2.09,virginica
6.14,2.77,5.65,1.82,virginica
5.61,2.57,3.85,1.17,versicolor
4.76,3.58,1.43,0.19,setosa
5.35,3.01,4.59,1.24,versicolor
5.29,3.39,2.02,-0.11,setosa
6.56,2.87,5.88,2.13,virginica
6.86,3.18,5.34,1.94,virginica
5.89,3.36,1.98,0.13,setosa
6.49,3.17,5.30,1.93,virginica
6.11,2.77,4.16,1.21,versicolor
5.16,3.15,1.15,0.58,setosa
4.95,3.58,1.79,0.36,setosa
5.98,2.82,4.01,1.19,versicolor
4.61,3.38,1.53,0.13,setosa
6.46,3.05,5.32,2.06,virginica
6.19,2.99,5.64,1.67,virginica
5.99,2.52,4.71,1.39,versicolor
6.06,3.08,5.14,2.15,virginica
6.58,3.03,5.72,1.98,virginica
5.96,2.69,4.79,1.49,versicolor
4.78,3.80,1.73,0.03,setosa
7.22,3.25,5.37,2.08,virginica
6.61,3.15,4.53,1.63,versicolor
6.30,2.96,5.44,1.93,virginica
4.89,3.30,1.53,-0.13,setosa
6.34,2.85,6.23,2.08,virginica
6.43,3.32,5.66,2.14,virginica
6.37,2.53,4.83,1.57,versicolor
5.10,3.37,1.80,0.47,setosa
4.58,3.10,1.57,0.33,setosa
5.20,3.49,1.96,0.34,setosa
6.42,2.74,5.51,1.82,virginica
5.55,3.37,1.08,0.45,setosa
5.14,3.13,1.61,0.22,setosa
5.91,2.91,4.09,1.21,versicolor
6.14,3.15,6.01,2.03,virginica
4.80,2.97,1.42,0.39,setosa
5.93,2.86,5.55,2.22,virginica
6.38,2.83,5.88,1.97,virginica
6.29,2.94,5.72,2.10,virginica
7.10,3.28,5.81,2.23,virginica
6.40,2.67,4.96,1.12,versicolor
5.41,3.47,1.05,0.24,setosa
5.20,3.25,1.63,0.08,setosa
5.27,3.17,1.35,0.24,setosa
5.85,3.09,3.61,1.12,versicolor
6.82,2.58,4.37,1.46,versicolor
6.68,2.94,5.40,2.05,virginica
5.52,3.60,1.47,0.35,setosa
5.29,3.58,1.36,0.52,setosa
6.16,3.25,5.52,1.83,virginica
6.72,3.08,5.83,2.12,virginica
5.30,3.33,1.16,-0.03,setosa
5.79,2.86,3.72,1.43,versicolor
6.69,3.11,4.28,1.46,versicolor
5.97,2.73,4.50,1.22,versicolor
5.65,3.80,1.90,0.38,setosa
5.68,3.12,4.70,1.01,versicolor
6.72,2.81,5.54,2.09,virginica
5.16,3.45,1.59,0.32,setosa
6.78,2.88,6.28,2.06,virginica
6.45,3.38,5.38,1.98,virginica
6.68,2.90,5.24,2.18,virginica
6.93,3.14,5.26,2.33,virginica
6.62,2.77,5.84,1.92,virginica
5.92,2.61,4.37,1.24,versicolor
5.23,3.52,1.92,-0.03,setosa
4.54,3.53,1.60,0.30,setosa
4.94,3.17,1.53,0.04,setosa
6.89,2.93,5.38,2.16,virginica
6.03,2.38,4.71,1.10,versicolor
6.53,2.93,5.94,1.88,virginica
6.02,3.03,4.38,1.26,versicolor
6.44,2.65,5.89,2.01,virginica
6.38,3.29,5.56,1.92,virginica
4.98,3.55,1.68,0.44,setosa
5.50,2.64,4.27,1.41,versicolor
5.82,2.35,3.74,1.33,versicolor
6.14,2.83,4.71,1.40,versicolor
5.78,3.04,4.34,1.39,versicolor
5.76,2.77,4.85,1.09,versicolor
6.20,3.19,4.00,1.42,versicolor
5.89,2.88,4.34,0.91,versicolor
4.36,3.35,1.12,0.30,setosa
6.42,2.95,5.25,2.02,virginica
6.71,2.90,5.82,2.09,virginica
6.89,3.06,5.26,2.13,virginica
5.47,3.56,1.20,0.14,setosa
6.81,3.02,4.91,1.80,virginica
6.24,3.02,5.53,1.79,virginica
4.89,3.22,1.55,0.65,setosa
5.14,3.48,1.06,0.22,setosa
6.31,2.94,5.45,1.76,virginica
4.53,3.28,1.41,-0.12,setosa
4.99,3.58,1.21,0.21,setosa
6.29,3.21,5.71,1.99,virginica
5.74,2.68,4.38,1.32,versicolor
5.78,2.65,4.28,1.35,versicolor
6.51,2.62,4.92,1.31,versicolor
6.40,3.01,5.81,1.94,virginica
5.41,3.13,3.91,1.32,versicolor
6.97,3.06,5.18,1.89,virginica
5.01,3.11,1.82,0.70,setosa
6.23,2.94,5.73,1.93,virginica
6.73,3.18,5.09,2.04,virginica
6.24,2.96,4.02,1.17,versicolor
6.10,2.89,4.35,1.13,versicolor
5.81,2.91,4.34,1.26,versicolor
6.26,2.60,5.07,1.10,versicolor
6.21,2.93,5.48,1.87,virginica
4.96,3.54,1.69,0.25,setosa
5.20,3.04,1.41,0.32,setosa
5.92,2.66,4.17,1.40,versicolor
5.69,2.76,3.77,1.32,versicolor
6.71,2.92,5.75,1.92,virginica
5.48,3.10,4.24,1.36,versicolor
6.32,3.13,5.81,2.16,virginica
6.79,2.99,5.35,2.10,virginica
6.00,2.85,3.40,1.20,versicolor
6.47,2.90,5.08,2.40,virginica
5.36,3.35,1.83,0.09,setosa
6.25,2.99,5.80,2.19,virginica
6.30,2.89,4.06,1.43,versicolor
5.60,2.93,5.20,1.07,versicolor
5.09,3.12,1.60,0.18,setosa
5.04,3.25,1.71,0.23,setosa
6.11,3.26,5.40,1.47,virginica
5.51,3.59,1.25,0.13,setosa
6.32,2.81,4.80,1.25,versicolor
4.90,3.69,1.83,0.35,setosa
6.54,2.75,5.91,2.42,virginica
4.75,3.26,2.07,0.03,setosa
6.34,3.08,5.33,2.14,virginica
6.53,3.09,5.21,2.16,virginica
5.83,2.91,3.93,1.19,versicolor
5.94,3.00,4.30,1.33,versicolor
7.32,3.01,5.92,1.54,virginica
5.41,3.62,1.75,0.46,setosa
6.65,2.95,5.46,2.29,virginica
5.91,2.66,4.52,1.39,versicolor
5.68,2.48,4.59,1.57,versicolor
4.60,3.13,1.61,0.13,setosa
4.75,3.68,1.48,0.23,setosa
6.46,3.07,5.57,1.85,virginica
6.45,2.61,3.76,1.37,versicolor
6.15,2.68,5.40,2.06,virginica
4.99,3.41,1.27,0.33,setosa
5.48,3.04,3.71,1.12,versicolor
6.46,2.98,5.72,2.00,virginica
5.57,3.51,1.37,0.07,setosa
5.35,3.24,1.16,0.14,setosa
6.96,3.03,5.45,2.09,virginica
5.73,2.84,4.59,1.33,versicolor
4.71,3.39,1.85,0.06,setosa
5.41,3.00,5.79,2.07,virginica
6.82,3.35,5.23,2.10,virginica
5.21,3.51,1.20,0.11,setosa
6.46,2.59,4.85,1.47,versicolor
5.37,3.16,4.09,1.57,versicolor
6.78,2.73,5.46,2.00,virginica
5.59,2.58,4.33,1.26,versicolor
4.53,3.31,0.93,0.02,setosa
7.34,2.59,5.60,1.69,virginica
6.26,2.74,3.95,1.44,versicolor
6.17,3.03,5.40,1.89,virginica
4.54,3.17,1.39,0.32,setosa
5.86,2.81,4.10,1.03,versicolor
7.15,2.98,5.53,2.09,virginica
6.56,2.66,5.74,2.18,virginica
6.64,2.90,4.28,1.06,versicolor
6.17,2.67,4.45,1.17,versicolor
4.64,3.38,1.51,0.06,setosa
5.66,3.70,1.16,-0.05,setosa
5.22,3.41,1.87,0.33,setosa
6.50,3.02,5.26,2.23,virginica
4.93,3.49,1.70,0.19,setosa
6.71,3.13,4.62,1.25,versicolor
6.15,3.04,4.35,1.40,versicolor
6.05,2.79,4.54,0.96,versicolor
5.12,2.91,1.30,0.17,setosa
6.42,2.77,5.49,2.16,virginica
5.25,3.51,2.04,0.30,setosa
6.05,3.02,4.29,1.48,versicolor
6.60,2.79,5.20,2.11,virginica
6.57,2.85,5.60,2.27,virginica
6.07,2.87,4.20,1.36,versicolor
6.03,2.99,3.69,1.36,versicolor
5.06,3.29,1.48,0.01,setosa
5.74,2.86,4.93,1.49,versicolor
5.18,3.32,1.76,0.29,setosa
4.58,3.66,1.57,-0.02,setosa
6.08,2.52,4.82,1.49,versicolor
6.11,2.55,4.75,1.49,versicolor
5.01,3.29,1.37,0.45,setosa
6.76,2.95,5.26,2.23,virginica
5.45,3.22,1.82,0.52,setosa
7.13,3.19,5.55,1.67,virginica
6.91,2.67,5.62,1.91,virginica
5.94,3.05,4.89,2.34,virginica
6.85,3.07,5.64,2.19,virginica
6.89,3.16,5.52,1.91,virginica
6.03,3.10,4.02,1.20,versicolor
6.35,2.76,5.66,1.86,virginica
5.13,3.25,1.29,0.21,setosa
6.46,2.88,4.30,1.38,versicolor
5.28,3.33,1.51,0.10,setosa
6.72,3.01,5.44,1.98,virginica
6.00,2.83,4.11,1.24,versicolor
5.64,3.31,4.24,1.33,versicolor
5.65,2.45,4.10,1.23,versicolor
4.89,2.80,1.80,0.40,setosa
6.73,3.00,6.15,2.19,virginica
5.03,2.92,1.70,0.13,setosa
5.23,3.44,2.12,0.29,setosa
4.91,3.26,1.07,0.46,setosa
6.74,3.10,5.70,2.21,virginica
5.57,2.96,1.40,0.29,setosa
5.97,2.72,4.22,0.95,versicolor
6.26,2.76,5.51,1.92,virginica
4.21,3.53,1.19,0.42,setosa
7.00,2.90,5.59,2.24,virginica
6.13,2.90,4.25,1.30,versicolor
4.63,3.29,1.17,0.13,setosa
4.92,3.15,1.29,0.33,setosa
5.12,3.26,1.37,0.44,setosa
5.04,3.47,1.47,0.43,setosa
6.55,2.81,6.14,1.73,virginica
5.76,2.90,4.52,1.17,versicolor
5.70,2.44,4.93,1.31,versicolor
6.39,3.07,5.85,1.98,virginica
6.78,2.92,4.87,1.85,virginica
6.87,2.92,5.27,1.98,virginica
5.99,2.66,4.50,0.99,versicolor
5.92,3.11,4.22,1.51,versicolor
6.41,2.84,5.39,1.77,virginica
6.63,3.21,5.04,1.96,virginica
4.90,3.61,1.60,0.61,setosa
4.83,3.79,1.41,0.21,setosa
7.00,3.04,6.28,2.30,virginica
5.23,3.25,1.46,0.29,setosa
4.89,3.12,1.20,0.39,setosa
5.34,3.58,1.70,0.27,setosa
5.66,2.99,4.55,1.52,versicolor
4.43,3.58,2.31,0.38,setosa
5.87,3.43,4.32,1.20,versicolor
6.59,2.93,5.74,1.99,virginica
5.47,3.32,1.41,0.05,setosa
6.49,2.95,6.63,2.06,virginica
5.82,3.23,1.46,0.22,setosa
5.42,3.75,1.29,-0.06,setosa
6.17,2.89,4.65,1.22,versicolor
5.56,3.23,1.87,0.36,setosa
7.09,3.00,5.85,1.82,virginica
4.61,3.35,1.43,0.28,setosa
6.90,2.90,5.77,1.80,virginica
4.93,3.63,1.35,0.28,setosa
4.60,3.81,1.36,0.03,setosa
6.39,2.95,5.15,1.97,virginica
6.49,3.26,5.29,1.85,virginica
6.08,2.91,4.15,1.27,versicolor
4.71,3.26,1.42,0.07,setosa
4.83,3.59,1.19,0.30,setosa
6.54,2.78,4.11,1.17,versicolor
5.99,2.51,4.32,1.32,versicolor
4.63,3.27,0.82,0.47,setosa
6.52,3.36,5.59,2.05,virginica
6.07,2.84,5.60,2.10,virginica
6.24,3.06,5.00,1.83,virginica
5.60,2.70,3.91,1.48,versicolor
5.44,2.74,4.80,1.22,versicolor
5.35,3.24,1.29,0.41,setosa
5.13,3.48,1.37,0.61,setosa
4.81,3.37,1.17,0.03,setosa
6.12,3.15,4.45,1.28,versicolor
5.86,3.11,4.01,1.13,versicolor
4.86,3.34,1.57,0.44,setosa
6.44,2.89,4.64,1.31,versicolor
6.55,2.52,5.68,1.99,virginica
4.86,3.35,1.59,0.03,setosa
5.87,2.97,4.11,1.40,versicolor
4.96,3.34,1.73,0.05,setosa
6.24,2.95,4.04,1.05,versicolor
5.86,2.72,4.82,1.58,versicolor
6.15,2.82,4.23,1.32,versicolor
6.96,3.17,5.10,2.04,virginica
5.49,3.37,1.45,0.40,setosa
4.85,3.30,1.69,0.20,setosa
5.55,2.69,4.31,1.26,versicolor
6.82,2.99,5.28,1.81,virginica
5.10,3.36,1.56,0.30,setosa
5.05,3.20,1.64,0.43,setosa
6.77,3.03,6.07,1.57,virginica
5.15,3.22,1.29,0.14,setosa
6.69,3.11,5.42,1.86,virginica
6.73,3.04,4.51,1.31,versicolor
5.32,3.27,1.37,0.47,setosa
6.67,2.95,5.03,2.11,virginica
5.22,3.33,1.65,0.09,setosa
6.87,2.85,5.79,1.97,virginica
6.08,2.85,5.56,2.15,virginica
4.84,3.30,1.73,0.28,setosa
6.55,2.88,5.23,1.97,virginica
6.71,2.54,6.01,1.70,virginica
6.06,2.79,5.07,1.44,versicolor
5.15,3.55,1.88,0.13,setosa
6.53,3.08,5.55,2.23,virginica
6.44,2.97,3.87,1.29,versicolor
5.34,3.26,1.79,0.24,setosa
5.21,3.38,1.58,0.22,setosa
4.81,3.38,1.42,-0.01,setosa
5.88,3.00,4.98,2.33,virginica
4.62,3.60,1.59,0.45,setosa
5.94,2.69,4.18,1.42,versicolor
6.18,2.45,4.81,1.31,versicolor
4.99,3.61,1.69,0.01,setosa
4.74,2.96,1.46,0.22,setosa
5.70,2.73,3.99,1.32,versicolor
6.47,3.17,5.63,2.08,virginica
6.62,2.94,5.43,1.95,virginica
6.02,3.20,5.46,1.97,virginica
5.40,3.14,1.64,0.36,setosa
6.00,2.99,3.83,1.53,versicolor
5.48,3.46,1.43,0.46,setosa
5.87,2.81,4.55,1.43,versicolor
5.81,2.44,4.20,1.42,versicolor
6.63,3.07,4.29,1.23,versicolor
5.04,2.67,4.28,1.47,versicolor
5.39,3.40,1.09,0.00,setosa
5.74,3.20,5.76,2.09,virginica
6.46,3.02,5.54,2.11,virginica
6.05,3.03,4.39,1.44,versicolor
7.20,2.85,5.47,1.91,virginica
5.85,2.58,4.43,1.34,versicolor
6.61,2.73,4.91,1.99,virginica
6.08,3.03,4.68,1.21,versicolor
6.62,2.73,3.89,1.30,versicolor
4.65,3.42,1.40,0.06,setosa
5.55,2.70,4.31,1.13,versicolor
6.93,2.74,5.67,2.27,virginica
6.33,2.60,3.77,1.12,versicolor
6.39,2.93,5.32,1.70,virginica
6.96,3.15,5.74,2.03,virginica
5.19,3.26,1.49,0.43,setosa
6.56,2.63,4.61,1.26,versicolor
6.12,3.03,4.19,1.06,versicolor
6.67,3.29,5.43,1.81,virginica
4.56,3.61,1.60,0.06,setosa
6.51,3.51,5.85,1.76,virginica
6.49,2.50,4.56,1.26,versicolor
6.17,2.86,4.51,1.34,versicolor
6.15,2.93,4.85,1.36,versicolor
7.54,3.04,4.76,1.92,virginica
5.86,2.92,4.09,1.52,versicolor
6.15,2.74,4.32,1.37,versicolor
6.69,2.77,5.14,2.26,virginica
5.47,3.41,1.15,0.08,setosa
6.56,2.95,5.32,1.76,virginica
6.02,2.89,4.26,1.09,versicolor
6.63,2.77,5.70,2.00,virginica
6.23,3.02,6.22,2.00,virginica
5.32,3.54,1.54,0.26,setosa
6.37,2.73,4.17,1.69,versicolor
5.74,2.70,4.45,1.29,versicolor
5.68,2.92,4.23,1.33,versicolor
7.22,3.12,5.70,1.69,virginica
6.83,3.25,5.40,2.07,virginica
6.05,2.93,5.28,1.96,virginica
5.88,3.27,4.42,1.27,versicolor
6.80,3.10,5.17,1.61,virginica
6.30,2.54,4.29,1.64,versicolor
5.96,3.13,5.37,1.83,virginica
4.80,3.36,1.77,0.46,setosa
5.81,2.71,4.82,1.47,versicolor
6.30,2.48,4.17,1.51,versicolor
5.87,2.77,4.59,1.55,versicolor
4.98,3.35,1.45,0.07,setosa
5.94,3.15,4.12,1.14,versicolor
4.54,3.24,1.69,-0.11,setosa
5.42,2.49,4.21,1.39,versicolor
6.41,2.95,5.14,1.74,virginica
4.81,3.28,1.00,0.24,setosa
6.39,2.95,5.03,2.25,virginica
5.88,2.80,4.36,1.67,versicolor
4.84,3.20,1.52,0.49,setosa
6.70,2.96,5.37,2.36,virginica
5.96,3.04,4.06,1.37,versicolor
6.67,2.75,5.20,2.12,virginica
6.27,3.13,4.22,0.99,versicolor
4.98,3.22,1.45,0.44,setosa
6.88,3.11,5.23,2.08,virginica
4.86,3.06,1.37,-0.01,setosa
4.82,3.41,1.42,0.31,setosa
6.14,2.73,5.80,2.01,virginica
5.86,2.90,4.15,1.11,versicolor
6.19,2.88,4.63,1.39,versicolor
4.52,3.83,1.39,0.62,setosa
6.79,3.09,5.99,2.16,virginica
6.07,2.68,4.07,1.56,versicolor
5.67,3.28,2.10,0.05,setosa
6.88,3.25,5.48,2.15,virginica
6.29,3.00,5.08,2.00,virginica
5.96,2.78,4.16,1.24,versicolor
6.98,3.16,5.54,1.95,virginica
5.26,3.32,1.37,0.03,setosa
5.36,3.31,1.29,0.22,setosa
6.08,3.11,4.66,1.15,versicolor
4.76,2.95,1.72,0.14,setosa
6.66,3.11,5.32,1.96,virginica
6.59,2.77,4.81,1.52,versicolor
4.91,3.41,1.24,-0.02,setosa
6.93,2.73,5.52,1.77,virginica
5.96,3.01,4.32,1.19,versicolor
6.67,3.31,5.66,2.04,virginica
7.29,3.07,5.78,1.80,virginica
5.57,2.51,4.45,1.28,versicolor
6.65,3.07,5.63,1.70,virginica
6.24,3.04,4.17,1.04,versicolor
6.17,2.50,4.52,1.08,versicolor
5.81,2.46,4.49,1.17,versicolor
4.65,3.22,1.56,0.11,setosa
6.01,2.50,3.94,1.42,versicolor
4.51,3.33,1.92,-0.26,setosa
7.04,2.86,5.56,1.76,virginica
5.13,3.35,1.03,0.36,setosa
5.44,3.38,1.93,0.28,setosa
6.61,3.10,5.00,1.82,virginica
5.31,3.14,1.71,0.23,setosa
6.42,3.18,5.21,2.04,virginica
6.21,2.80,4.01,1.54,versicolor
5.09,3.23,1.79,0.28,setosa
6.01,3.01,5.61,1.85,virginica
6.81,3.44,5.63,2.19,virginica
6.40,2.51,4.58,1.06,versicolor
5.97,2.73,4.24,1.18,versicolor
5.69,2.79,4.50,1.31,versicolor
4.86,3.87,1.62,0.35,setosa
4.79,3.13,1.51,0.52,setosa
6.22,2.81,4.28,1.24,versicolor
5.69,2.69,4.30,1.10,versicolor
5.77,2.94,4.20,1.61,versicolor
6.71,3.22,5.93,2.00,virginica
6.18,3.01,5.39,2.02,virginica
5.93,2.61,4.45,1.63,versicolor
5.24,3.38,1.61,0.27,setosa
4.93,3.18,1.50,0.17,setosa
6.06,3.03,4.42,1.00,versicolor
5.73,3.00,4.05,1.31,versicolor
6.47,3.10,5.07,1.73,virginica
4.60,3.47,0.86,0.40,setosa
5.72,2.63,4.66,1.45,versicolor
6.15,3.08,4.20,0.93,versicolor
4.86,3.35,1.43,0.27,setosa
5.38,2.64,4.73,1.62,versicolor
6.21,3.11,5.14,2.04,virginica
6.45,2.77,4.48,1.32,versicolor
6.31,3.43,5.95,2.04,virginica
4.40,3.13,1.75,0.16,setosa
6.76,3.04,5.30,2.35,virginica
4.57,3.49,1.31,-0.11,setosa
6.18,2.89,5.00,2.11,virginica
5.84,2.76,4.05,1.34,versicolor
4.45,3.56,1.08,0.20,setosa
6.28,3.08,5.28,1.61,virginica
5.60,3.13,5.50,1.89,virginica
5.97,2.72,4.73,1.22,versicolor
6.22,2.68,4.64,1.53,versicolor
4.59,3.50,2.16,0.16,setosa
6.89,3.16,5.32,2.09,virginica
6.93,3.02,5.44,2.19,virginica
6.34,2.97,5.45,2.02,virginica
6.41,3.14,5.53,2.08,virginica
6.15,2.87,4.41,1.25,versicolor
6.25,2.73,5.24,2.24,virginica
6.15,2.77,3.82,1.43,versicolor
4.66,3.21,1.36,-0.13,setosa
6.96,3.05,5.63,2.02,virginica
6.03,3.05,4.17,1.21,versicolor
6.28,2.66,4.57,1.08,versicolor
6.68,3.26,4.86,2.26,virginica
5.88,3.17,4.31,1.34,versicolor
4.41,3.32,1.38,0.28,setosa
7.14,2.91,5.65,1.99,virginica
6.30,3.01,5.61,2.04,virginica
6.04,3.06,5.63,2.19,virginica
5.14,3.34,1.61,0.07,setosa
6.19,2.70,4.62,1.20,versicolor
5.23,3.32,1.51,0.13,setosa
6.77,2.59,4.27,1.45,versicolor
6.50,2.62,5.77,2.03,virginica
5.75,3.05,4.73,1.36,versicolor
6.14,2.92,4.39,1.34,versicolor
5.98,3.02,4.66,1.54,versicolor
4.41,3.33,1.32,0.09,setosa
6.67,2.80,5.96,2.02,virginica
6.40,3.00,4.42,1.36,versicolor
6.48,2.66,5.46,1.72,virginica
6.17,2.94,4.23,1.24,versicolor
6.98,3.26,5.19,2.17,virginica
5.60,2.84,4.92,1.04,versicolor
6.55,2.66,5.74,2.20,virginica
6.14,3.13,5.47,2.04,virginica
6.76,3.13,5.10,2.11,virginica
5.14,3.42,1.75,0.03,setosa
5.65,3.21,1.42,0.00,setosa
5.96,2.52,3.99,1.47,versicolor
5.42,3.07,4.45,1.08,versicolor
5.32,3.26,1.48,0.36,setosa
6.01,3.15,4.12,1.35,versicolor
6.35,2.95,3.75,1.27,versicolor
4.73,3.33,1.77,0.03,setosa
6.40,2.87,5.82,2.04,virginica
5.54,3.46,1.58,-0.00,setosa
4.59,3.47,1.21,0.26,setosa
6.29,2.84,5.80,2.07,virginica
5.81,3.11,5.53,1.84,virginica
6.62,2.94,4.37,1.73,versicolor
5.79,3.23,1.74,0.19,setosa
4.78,3.47,1.47,0.76,setosa
6.68,3.02,5.07,1.98,virginica
6.33,2.97,5.14,1.93,virginica
4.73,2.95,1.28,-0.11,setosa
6.04,2.69,4.62,1.44,versicolor
6.93,2.74,5.72,2.04,virginica
4.91,3.12,1.54,0.69,setosa
6.30,2.62,4.64,1.36,versicolor
5.99,2.59,4.02,1.22,versicolor
6.10,3.16,4.12,1.31,versicolor
6.41,2.48,4.33,1.15,versicolor
5.69,2.88,4.16,1.49,versicolor
5.28,3.60,2.01,0.24,setosa
6.60,2.73,4.19,0.90,versicolor
4.88,3.53,1.07,0.66,setosa
5.07,3.16,1.22,0.39,setosa
6.46,2.67,5.54,2.00,virginica
6.73,3.01,4.94,1.78,virginica
4.92,3.20,1.02,0.08,setosa
6.42,3.27,4.23,1.34,versicolor
4.90,3.42,1.37,0.23,setosa
6.38,2.97,5.52,2.00,virginica
6.33,2.90,5.48,2.07,virginica
6.09,2.66,4.62,0.92,versicolor
6.74,2.98,5.67,1.89,virginica
4.85,2.97,1.63,0.55,setosa
7.00,2.89,5.62,1.94,virginica
5.19,3.70,0.92,0.23,setosa
5.86,2.99,5.42,2.17,virginica
7.04,3.16,5.92,2.26,virginica
5.03,3.44,1.34,0.24,setosa
7.04,3.14,5.50,2.00,virginica
5.13,3.65,1.70,0.25,setosa
5.82,2.78,4.40,0.98,versicolor
4.73,3.27,1.52,0.12,setosa
5.98,2.60,4.05,1.11,versicolor
5.85,2.89,4.18,1.42,versicolor
5.02,3.34,1.17,0.48,setosa
5.29,3.04,5.00,1.54,versicolor
5.87,3.04,4.35,1.42,versicolor
4.87,3.49,1.52,0.26,setosa
4.90,3.42,1.46,0.04,setosa
6.49,2.95,5.58,1.88,virginica
5.44,2.83,4.61,1.25,versicolor
6.57,2.60,4.23,1.45,versicolor
5.19,3.58,1.52,0.33,setosa
5.86,2.92,4.39,1.12,versicolor
7.12,2.97,5.45,1.93,virginica
7.46,3.31,5.65,2.12,virginica
5.48,3.35,1.27,0.21,setosa
4.73,3.76,1.60,0.25,setosa
6.19,3.22,5.55,1.84,virginica
5.18,3.37,1.38,0.19,setosa
5.21,3.16,1.10,0.28,setosa
7.52,3.20,5.81,1.94,virginica
4.73,3.60,1.54,0.05,setosa
6.10,2.69,5.30,2.02,virginica
5.07,3.58,1.86,0.36,setosa
6.81,2.84,5.72,1.81,virginica
5.87,2.75,4.04,1.32,versicolor
6.45,2.76,4.36,1.29,versicolor
4.69,3.43,2.06,0.36,setosa
6.64,3.09,4.24,1.55,versicolor
5.64,2.98,4.13,1.31,versicolor
6.89,3.21,6.38,2.20,virginica
6.05,3.16,4.70,1.17,versicolor
6.68,2.99,5.82,1.85,virginica
6.59,3.08,4.25,1.11,versicolor
5.24,3.00,4.05,1.19,versicolor
5.34,3.60,1.08,0.23,setosa
5.74,3.34,5.24,1.98,virginica
5.96,2.48,3.63,0.95,versicolor
5.34,3.06,4.12,1.20,versicolor
5.53,2.93,5.64,1.93,virginica
5.92,2.72,3.94,1.05,versicolor
5.90,2.50,4.13,1.17,versicolor
5.76,2.64,4.84,1.43,versicolor
5.56,2.98,4.32,1.51,versicolor
5.05,3.56,1.31,0.04,setosa
6.82,3.38,5.85,1.89,virginica
6.11,3.12,5.11,2.12,virginica
6.48,2.48,4.07,1.34,versicolor
6.47,3.09,5.72,1.90,virginica
7.21,2.98,5.69,1.83,virginica
5.35,3.62,1.61,0.14,setosa
6.03,2.94,4.23,1.18,versicolor
6.08,2.60,4.45,1.30,versicolor
4.75,3.54,1.73,0.21,setosa
4.90,3.42,1.51,0.09,setosa
6.10,2.78,4.39,1.09,versicolor
6.19,2.95,5.52,1.78,virginica
6.81,2.75,5.50,2.10,virginica
4.73,3.33,2.07,0.31,setosa
6.92,3.34,5.35,2.17,virginica
6.56,2.93,5.64,2.00,virginica
6.23,2.91,3.82,1.50,versicolor
6.52,3.33,5.61,2.11,virginica
5.64,2.89,4.77,1.28,versicolor
5.98,2.09,3.88,1.30,versicolor
7.02,2.58,5.45,2.28,virginica
4.68,3.49,0.89,0.47,setosa
6.81,3.11,5.28,1.79,virginica
5.40,3.86,2.11,0.21,setosa
6.56,3.31,5.60,1.70,virginica
6.45,2.84,5.61,2.09,virginica
6.04,2.91,5.54,2.14,virginica
5.84,3.04,4.20,1.57,versicolor
4.90,3.14,1.54,0.54,setosa
5.91,2.75,4.04,1.42,versicolor
5.10,3.32,1.45,0.23,setosa
5.21,3.36,1.30,0.00,setosa
6.11,2.74,4.15,1.60,versicolor
5.47,3.41,1.28,0.16,setosa
6.07,2.63,4.47,1.24,versicolor
6.51,2.73,5.91,2.27,virginica
4.59,3.67,1.80,0.15,setosa
6.24,2.46,3.95,1.23,versicolor
6.07,2.54,4.46,1.40,versicolor
6.79,3.10,5.57,1.79,virginica
4.41,3.33,1.49,0.27,setosa
6.54,2.91,5.65,2.27,virginica
4.23,3.38,1.69,0.11,setosa
6.12,2.67,4.37,1.16,versicolor
5.86,2.89,4.37,1.50,versicolor
6.87,3.00,5.34,2.27,virginica
6.14,2.81,4.34,1.73,versicolor
6.14,2.65,4.24,1.20,versicolor
7.17,2.92,5.68,1.97,virginica
6.89,2.82,5.76,1.71,virginica
5.77,2.90,5.79,2.04,virginica
4.65,3.31,1.01,0.12,setosa
6.46,2.91,3.52,1.28,versicolor
5.65,2.65,4.59,1.23,versicolor
5.86,2.80,3.96,1.43,versicolor
6.36,2.92,5.26,1.96,virginica
6.22,2.61,4.33,1.37,versicolor
7.06,2.96,5.23,2.35,virginica
5.97,2.55,4.51,1.25,versicolor
5.69,2.84,4.67,1.28,versicolor
6.39,2.79,4.19,1.22,versicolor
4.68,3.27,1.74,0.31,setosa
6.09,2.84,4.30,1.27,versicolor
5.84,2.87,4.06,1.25,versicolor
4.79,3.33,0.81,0.47,setosa
6.32,3.18,5.60,1.90,virginica
5.19,3.90,1.41,0.31,setosa
7.05,3.02,5.04,1.94,virginica
5.33,3.25,1.39,0.44,setosa
5.59,3.47,1.30,0.24,setosa
6.49,2.98,5.25,2.01,virginica
6.93,3.07,5.43,2.02,virginica
5.43,2.72,3.76,1.14,versicolor
5.09,3.62,2.09,0.25,setosa
6.34,2.96,5.55,2.02,virginica
5.40,2.65,4.40,0.86,versicolor
6.44,2.91,4.37,1.21,versicolor
6.34,2.83,4.59,0.94,versicolor
5.84,2.62,4.34,1.56,versicolor
5.03,3.62,1.36,0.34,setosa
4.59,3.53,1.29,-0.20,setosa
7.06,2.89,5.48,2.05,virginica
6.08,2.59,4.59,1.33,versicolor
4.77,3.20,1.76,0.16,setosa
6.59,3.46,5.62,1.94,virginica
6.37,2.86,5.52,1.82,virginica
5.89,2.89,4.55,1.44,versicolor
4.88,3.18,1.48,0.41,setosa
5.30,3.16,1.33,0.12,setosa
5.39,2.68,5.57,2.03,virginica
4.91,3.35,1.68,0.26,setosa
6.84,3.01,5.36,2.24,virginica
5.15,3.48,1.27,0.02,setosa
6.28,2.87,4.48,1.13,versicolor
4.92,3.22,1.61,0.09,setosa
6.49,2.73,3.87,1.37,versicolor
4.77,3.20,1.08,0.59,setosa
6.60,2.94,4.23,1.21,versicolor
4.45,3.51,1.38,0.60,setosa
6.59,3.19,6.14,2.13,virginica
5.99,2.99,4.64,1.35,versicolor
6.75,2.85,5.20,1.90,virginica
5.00,3.00,1.11,0.38,setosa
5.52,2.92,4.68,1.15,versicolor
6.12,3.01,4.54,1.22,versicolor
5.95,3.16,1.85,0.56,setosa
6.10,2.86,4.98,1.93,virginica
6.78,3.24,5.99,2.21,virginica
5.97,2.76,4.20,1.48,versicolor
4.59,3.24,1.93,0.29,setosa
5.47,3.54,1.53,0.17,setosa
6.66,2.96,5.33,1.82,virginica
5.89,2.92,4.15,1.30,versicolor
5.42,3.12,1.85,0.42,setosa
4.90,3.46,1.38,-0.02,setosa
5.96,2.72,4.95,1.30,versicolor
5.86,2.73,4.48,1.16,versicolor
5.00,3.17,1.35,0.38,setosa
5.47,3.26,1.34,0.45,setosa
6.90,2.75,6.07,1.80,virginica
5.39,3.31,1.28,0.41,setosa
6.48,3.21,5.09,2.07,virginica
6.84,3.15,5.10,2.02,virginica
6.37,2.84,5.69,1.88,virginica
6.75,3.29,5.31,2.11,virginica
6.15,2.59,4.16,1.12,versicolor
5.91,3.02,4.50,1.13,versicolor
6.82,2.94,4.51,1.02,versicolor
5.51,3.19,1.36,0.00,setosa
4.99,3.59,1.42,0.26,setosa
5.34,3.37,1.66,0.39,setosa
6.25,2.59,3.88,1.26,versicolor
6.37,2.59,5.80,1.87,virginica
6.43,2.97,5.32,2.19,virginica
4.99,3.10,1.24,-0.01,setosa
4.39,3.22,1.49,0.41,setosa
6.06,2.69,4.28,1.26,versicolor
4.88,3.54,1.53,0.04,setosa
4.59,3.55,1.43,0.32,setosa
6.03,2.74,3.88,1.20,versicolor
5.44,2.65,4.06,1.27,versicolor
6.84,3.02,5.55,1.75,virginica
5.92,2.89,4.55,1.44,versicolor
6.31,2.64,4.20,1.34,versicolor
6.87,2.73,5.84,2.16,virginica
6.68,3.06,5.43,2.05,virginica
6.01,3.30,5.91,1.79,virginica
5.65,2.75,4.17,1.20,versicolor
5.58,2.96,4.42,1.08,versicolor
7.04,3.13,5.97,2.05,virginica
6.31,2.81,5.37,2.23,virginica
4.98,3.51,2.03,0.29,setosa
6.30,2.56,4.05,1.44,versicolor
5.64,2.83,4.10,1.33,versicolor
6.52,2.83,3.95,1.54,versicolor
4.45,3.41,1.12,0.03,setosa
5.35,2.81,4.09,1.51,versicolor
6.18,2.52,4.63,1.11,versicolor
4.78,3.94,1.75,0.10,setosa
6.63,2.89,5.27,1.88,virginica
5.94,2.64,3.90,1.40,versicolor
6.62,2.92,5.60,1.76,virginica
5.10,3.11,0.98,0.06,setosa
6.05,2.51,4.46,1.24,versicolor
5.06,3.28,1.51,0.62,setosa
4.78,3.72,1.65,0.26,setosa
6.23,2.98,4.29,1.63,versicolor
5.57,2.58,4.30,1.48,versicolor
6.19,2.72,3.62,1.40,versicolor
6.75,2.97,5.24,1.90,virginica
7.15,2.96,5.41,2.07,virginica
5.73,3.38,2.46,0.43,setosa
6.68,2.98,4.64,1.06,versicolor
6.98,3.26,5.47,2.01,virginica
6.80,2.97,5.43,2.20,virginica
6.55,2.87,3.69,1.37,versicolor
7.29,2.89,5.60,1.91,virginica
5.61,2.61,4.17,1.08,versicolor
5.87,3.07,4.18,1.27,versicolor
5.16,3.53,1.48,0.43,setosa
5.04,3.48,1.28,0.27,setosa
4.54,3.61,1.65,0.42,setosa
4.99,3.29,1.35,0.26,setosa
5.08,3.34,1.02,0.12,setosa
4.61,3.33,1.55,0.01,setosa
5.07,3.10,1.66,0.46,setosa
5.76,2.49,3.76,1.39,versicolor
6.22,2.99,4.56,1.59,versicolor
6.80,2.80,4.44,0.96,versicolor
5.24,2.99,1.94,0.66,setosa
6.57,2.92,5.29,1.73,virginica
5.65,3.74,0.91,0.08,setosa
6.54,2.53,4.50,1.19,versicolor
4.46,3.37,1.59,0.18,setosa
5.14,3.35,1.15,-0.01,setosa
6.66,3.13,5.19,1.89,virginica
4.94,3.90,1.73,0.16,setosa
6.78,2.91,5.29,1.92,virginica
5.08,3.20,0.85,0.16,setosa
5.19,3.50,1.94,0.25,setosa
6.26,2.71,5.83,1.88,virginica
4.74,3.58,1.37,0.11,setosa
6.18,2.80,4.40,1.21,versicolor
5.90,2.63,4.22,0.84,versicolor
6.43,2.92,4.06,1.27,versicolor
6.64,3.17,5.56,1.80,virginica
4.96,3.39,1.43,-0.14,setosa
6.45,2.72,5.51,1.94,virginica
6.53,3.16,5.11,2.58,virginica
6.06,2.60,3.92,1.24,versicolor
6.53,3.15,5.68,1.88,virginica
5.81,2.59,4.45,1.38,versicolor
5.26,3.16,1.84,0.47,setosa
5.67,2.92,4.51,1.02,versicolor
5.34,3.21,1.24,0.16,setosa
5.05,3.58,1.55,0.33,setosa
6.33,3.27,5.17,1.99,virginica
6.58,2.51,3.75,1.25,versicolor
6.70,2.95,5.43,2.45,virginica
5.07,3.31,1.54,0.04,setosa
6.17,3.11,5.83,2.18,virginica
6.63,3.08,5.72,2.15,virginica
5.69,2.95,4.38,1.50,versicolor
6.20,2.74,4.57,1.26,versicolor
7.12,3.04,5.79,2.27,virginica
6.67,2.96,5.32,1.72,virginica
5.96,2.73,4.39,1.22,versicolor
6.90,2.70,5.75,2.01,virginica
4.98,3.58,1.04,0.25,setosa
6.83,3.33,5.83,2.13,virginica
5.77,3.09,4.52,1.33,versicolor
6.15,2.70,4.99,1.41,versicolor
5.35,3.30,2.02,0.23,setosa
5.78,2.89,4.52,1.13,versicolor
6.44,2.91,6.14,2.32,virginica
6.30,2.86,5.51,2.49,virginica
6.68,2.33,4.41,1.43,versicolor
5.07,3.48,1.35,0.12,setosa
5.45,2.90,4.58,1.68,versicolor
6.47,2.94,5.38,1.87,virginica
5.30,3.63,1.28,0.08,setosa
5.72,2.60,4.30,1.18,versicolor
5.79,2.86,3.84,1.29,versicolor
6.34,2.71,4.52,1.40,versicolor
4.81,3.38,1.12,0.29,setosa
5.55,2.96,2.28,0.05,setosa
6.70,3.22,5.64,2.12,virginica
5.21,3.46,1.19,0.25,setosa
5.13,3.02,1.26,0.15,setosa
6.15,2.81,5.68,1.91,virginica
6.14,2.73,5.64,1.95,virginica
6.92,3.09,5.20,2.03,virginica
4.55,3.47,0.99,-0.12,setosa
6.36,2.71,4.09,0.94,versicolor
5.70,2.83,4.49,1.34,versicolor
6.18,2.52,3.91,1.44,versicolor
7.05,3.02,5.84,1.99,virginica
5.36,3.32,1.64,0.10,setosa
6.65,2.84,4.08,1.22,versicolor
6.99,3.04,5.35,1.70,virginica
6.19,3.05,5.11,1.93,virginica
5.79,2.48,4.40,1.01,versicolor
6.63,2.44,4.14,1.35,versicolor
5.50,2.46,4.54,1.28,versicolor
5.66,3.01,4.30,1.33,versicolor
5.40,3.18,1.24,0.18,setosa
5.13,3.58,1.59,0.68,setosa
5.02,3.26,1.11,0.02,setosa
6.66,3.07,5.37,1.81,virginica
4.80,3.38,1.32,0.61,setosa
6.72,3.12,6.23,2.16,virginica
6.57,3.00,5.55,2.27,virginica
5.69,2.82,4.40,1.24,versicolor
5.06,3.78,1.09,0.59,setosa
5.62,2.93,4.15,1.37,versicolor
6.26,2.77,3.89,1.30,versicolor
4.98,3.53,1.93,0.13,setosa
5.82,2.57,3.96,1.38,versicolor
5.67,2.75,4.38,1.02,versicolor
4.84,3.60,1.28,0.45,setosa
6.69,3.05,5.51,1.88,virginica
5.83,2.63,4.69,1.27,versicolor
6.67,2.85,5.39,2.04,virginica
6.97,3.02,5.03,1.87,virginica
5.10,3.43,1.39,0.15,setosa
6.60,3.03,5.36,2.10,virginica
4.70,3.44,1.29,0.37,setosa
6.14,2.72,4.52,1.28,versicolor
5.00,3.46,1.42,0.09,setosa
4.83,3.58,1.85,0.45,setosa
6.33,3.03,4.57,1.39,versicolor
6.90,2.95,6.25,1.70,virginica
5.37,2.83,4.04,1.32,versicolor
4.74,3.31,1.45,0.53,setosa
6.19,3.01,4.31,1.14,versicolor
6.89,3.05,5.77,2.02,virginica
5.78,3.80,1.52,0.29,setosa
7.74,3.00,5.42,2.03,virginica
6.41,3.21,5.12,1.98,virginica
6.32,3.29,5.77,2.02,virginica
6.15,2.65,4.08,1.27,versicolor
6.64,2.92,5.71,2.10,virginica
5.84,2.72,4.67,1.66,versicolor
5.63,2.91,4.15,1.06,versicolor
6.16,2.91,5.16,2.05,virginica
4.88,3.46,1.69,0.46,setosa
6.03,3.12,5.29,2.14,virginica
6.51,2.67,5.69,2.17,virginica
5.04,2.84,4.02,1.36,versicolor
5.39,2.68,4.63,1.52,versicolor
5.33,3.38,1.71,0.62,setosa
4.97,3.25,1.43,0.34,setosa
4.68,3.09,1.49,0.34,setosa
4.55,3.11,1.74,0.22,setosa
5.26,3.46,1.80,0.15,setosa
6.45,2.93,5.84,2.01,virginica
6.02,2.66,4.23,1.02,versicolor
4.51,3.12,1.64,0.71,setosa
5.64,2.62,4.37,0.94,versicolor
5.81,3.08,5.50,1.98,virginica
7.20,2.99,5.31,1.94,virginica
6.36,2.72,4.31,1.04,versicolor
5.81,2.40,4.99,1.57,versicolor
5.03,3.00,1.60,-0.02,setosa
6.73,2.76,5.21,2.12,virginica
6.82,2.99,5.41,1.97,virginica
5.87,2.62,4.31,1.33,versicolor
6.09,2.87,4.14,1.12,versicolor
5.78,2.76,4.15,1.37,versicolor
6.76,2.92,5.72,2.07,virginica
4.92,3.48,1.12,0.08,setosa
4.71,3.34,1.19,0.02,setosa
5.20,2.98,4.17,1.71,versicolor
4.57,3.47,1.91,0.16,setosa
5.95,3.06,4.41,1.28,versicolor
5.12,3.61,1.54,0.47,setosa
5.99,3.58,1.32,0.09,setosa
4.92,3.51,1.71,0.05,setosa
6.63,3.14,5.16,2.30,virginica
7.17,3.16,5.35,2.17,virginica
6.00,2.65,4.45,1.19,versicolor
6.04,2.87,4.52,1.19,versicolor
6.84,2.73,3.96,1.30,versicolor
6.71,2.74,5.52,2.12,virginica
5.52,3.24,2.10,0.27,setosa
5.04,3.85,1.61,0.10,setosa
6.07,3.04,4.03,1.41,versicolor
4.63,2.95,1.52,0.19,setosa
6.45,3.16,5.40,1.84,virginica
4.43,3.21,1.66,0.26,setosa
4.75,3.54,1.40,0.39,setosa
5.38,2.66,4.44,1.21,versicolor
6.35,3.08,5.22,1.71,virginica
6.60,2.71,4.19,1.32,versicolor
6.37,2.98,5.39,2.03,virginica
5.58,3.77,1.14,0.44,setosa
5.49,3.44,1.73,0.18,setosa
6.09,2.57,3.71,1.35,versicolor
6.18,2.51,3.93,1.24,versicolor
7.18,2.75,5.97,2.01,virginica
4.63,3.46,1.13,0.05,setosa
6.10,2.47,4.31,1.10,versicolor
6.31,2.51,4.16,1.16,versicolor
5.97,2.52,4.31,1.35,versicolor
6.10,2.95,5.46,2.15,virginica
6.05,2.93,4.35,1.44,versicolor
6.93,2.85,5.57,1.79,virginica
4.93,3.09,1.27,0.08,setosa
6.44,3.01,3.83,1.12,versicolor
6.01,2.37,4.21,1.60,versicolor
6.14,3.02,5.45,1.66,virginica
5.05,3.36,0.74,0.15,setosa
5.06,3.07,1.39,0.43,setosa
6.70,2.98,4.86,2.23,virginica
5.76,2.51,4.47,1.34,versicolor
4.63,3.50,1.29,0.45,setosa
6.50,2.95,5.49,1.62,virginica
5.75,2.98,4.41,1.35,versicolor
6.78,2.93,5.02,2.03,virginica
5.82,2.39,4.94,1.47,versicolor
5.71,2.58,4.64,1.13,versicolor
6.46,3.35,4.91,2.04,virginica
4.81,3.28,1.22,0.46,setosa
6.43,2.86,4.60,1.53,versicolor
6.17,3.00,4.02,1.38,versicolor
5.81,2.57,4.18,1.11,versicolor
5.91,3.15,5.50,1.98,virginica
5.89,2.78,4.53,1.34,versicolor
6.32,2.88,4.59,1.27,versicolor
6.44,2.65,5.57,1.89,virginica
7.17,3.03,5.56,2.09,virginica
5.04,3.41,1.13,0.26,setosa
5.26,3.42,1.53,0.53,setosa
5.03,3.52,1.44,0.37,setosa
5.58,2.66,3.76,1.63,versicolor
6.00,2.90,3.80,1.53,versicolor
5.63,2.78,4.42,1.73,versicolor
6.64,3.11,5.50,2.09,virginica
6.41,2.81,4.59,1.44,versicolor
6.95,2.96,5.77,1.72,virginica
5.30,3.29,1.35,0.04,setosa
6.51,3.03,5.22,2.03,virginica
6.33,2.84,4.04,1.35,versicolor
4.98,3.65,1.79,0.25,setosa
6.25,2.69,4.59,1.55,versicolor
6.06,2.52,4.06,1.06,versicolor
5.46,3.60,1.32,0.22,setosa
7.05,2.72,5.87,2.03,virginica
5.97,2.85,5.47,2.06,virginica
5.92,2.80,4.26,1.30,versicolor
4.86,3.39,1.47,0.23,setosa
6.29,2.76,5.57,1.70,virginica
7.27,2.94,5.75,2.17,virginica
5.51,3.04,4.68,1.26,versicolor
6.37,2.97,4.37,1.36,versicolor
5.15,3.61,1.35,0.10,setosa
6.40,2.81,4.95,1.72,virginica
5.91,3.04,4.09,1.62,versicolor
6.00,2.93,4.20,1.32,versicolor
4.77,3.47,1.59,0.54,setosa
5.99,2.77,4.11,1.02,versicolor
4.89,3.43,1.45,0.13,setosa
5.23,3.18,0.96,0.24,setosa
6.69,3.26,5.40,1.93,virginica
4.92,3.47,1.67,0.29,setosa
5.96,2.66,4.74,1.36,versicolor
7.36,3.16,5.71,2.17,virginica
6.69,3.05,5.36,2.00,virginica
6.44,3.14,5.14,1.94,virginica
6.70,3.06,5.50,1.92,virginica
5.91,2.98,4.43,1.32,versicolor
6.78,2.72,5.49,1.99,virginica
6.97,2.83,5.71,2.23,virginica
5.31,3.49,1.81,0.15,setosa
5.16,3.41,1.81,0.44,setosa
5.54,3.06,4.68,0.98,versicolor
5.64,2.18,4.13,0.95,versicolor
4.56,3.57,1.65,0.41,setosa
5.94,2.71,3.98,1.29,versicolor
5.05,3.31,1.47,0.24,setosa
5.08,3.44,1.70,0.42,setosa
4.76,3.01,0.52,0.15,setosa
7.11,2.73,5.54,2.41,virginica
6.57,2.55,4.52,1.35,versicolor
5.31,3.42,1.88,0.25,setosa
6.46,3.03,5.31,1.87,virginica
6.84,2.74,5.16,2.04,virginica
4.81,3.45,1.69,0.41,setosa
6.73,3.12,5.32,2.51,virginica
5.53,2.89,4.09,1.32,versicolor
6.64,3.12,5.69,1.87,virginica
5.95,3.24,5.55,1.87,virginica
5.67,2.51,4.33,1.40,versicolor
6.06,2.61,4.68,1.18,versicolor
6.10,3.16,5.47,2.02,virginica
5.68,3.66,1.49,0.47,setosa
6.68,2.90,4.82,2.00,virginica
6.78,3.00,5.17,2.11,virginica
6.36,3.18,4.66,1.48,versicolor
6.06,3.27,5.62,2.33,virginica
5.09,3.75,1.98,0.23,setosa
4.96,3.51,1.70,0.56,setosa
7.36,2.57,5.29,1.68,virginica
5.35,3.09,4.48,1.09,versicolor
6.26,2.69,5.40,2.31,virginica
6.55,2.74,4.75,1.23,versicolor
5.01,3.32,1.62,-0.01,setosa
6.01,2.47,4.19,1.45,versicolor
5.18,3.48,1.57,0.29,setosa
5.60,3.57,1.40,0.51,setosa
5.83,2.44,4.28,1.19,versicolor
6.54,2.83,4.41,1.12,versicolor
4.26,3.34,1.25,0.03,setosa
5.61,2.68,4.04,1.46,versicolor
6.81,3.02,5.35,1.77,virginica
4.66,3.51,0.89,0.17,setosa
5.93,3.20,4.83,1.23,versicolor
5.95,3.18,4.54,1.55,versicolor
4.82,3.38,1.58,0.06,setosa
6.40,2.84,5.48,1.88,virginica
5.23,3.56,1.72,0.24,setosa
5.76,2.96,4.56,1.42,versicolor
4.93,3.58,1.58,0.27,setosa
4.76,3.24,2.00,0.20,setosa
5.04,3.16,0.99,0.20,setosa
5.21,3.53,1.13,0.19,setosa
4.95,3.43,1.64,-0.01,setosa
6.21,2.95,5.44,1.55,virginica
6.33,3.07,5.34,1.96,virginica
6.68,2.91,5.72,1.88,virginica
5.10,3.52,1.64,0.05,setosa
6.20,2.90,5.59,1.62,virginica
6.76,3.17,5.93,2.09,virginica
5.16,3.80,1.42,0.21,setosa
6.16,3.19,5.36,2.22,virginica
5.87,3.00,4.49,1.10,versicolor
5.94,2.84,5.94,1.84,virginica
6.12,2.93,4.11,1.32,versicolor
6.23,3.25,5.76,1.85,virginica
4.79,3.23,1.27,0.23,setosa
5.87,2.87,4.87,1.37,versicolor
6.43,2.52,4.15,1.24,versicolor
4.87,3.27,1.79,0.31,setosa
6.09,2.78,3.92,1.37,versicolor
6.53,2.87,3.98,1.19,versicolor
6.47,3.15,3.84,1.21,versicolor
5.84,2.91,3.54,0.90,versicolor
6.81,3.09,5.47,1.40,virginica
7.09,3.08,5.72,1.91,virginica
6.46,2.94,5.27,2.25,virginica
6.12,2.87,4.66,1.49,versicolor
5.09,3.22,1.52,0.19,setosa
4.82,3.31,1.49,0.15,setosa
4.94,3.21,1.01,0.34,setosa
7.01,3.03,5.53,2.03,virginica
5.10,3.38,1.41,0.24,setosa
4.35,3.24,1.72,0.26,setosa
4.33,3.63,1.33,0.67,setosa
5.42,3.12,1.86,0.13,setosa
5.55,3.17,1.17,0.52,setosa
5.94,3.23,5.60,2.01,virginica
5.75,2.57,4.30,1.22,versicolor
6.77,2.79,5.50,1.98,virginica
6.71,3.21,5.05,1.85,virginica
6.06,2.95,4.62,1.21,versicolor
5.91,2.88,1.93,0.53,setosa
5.60,3.33,1.15,0.01,setosa
4.85,3.13,1.94,0.30,setosa
5.07,3.57,1.48,0.39,setosa
6.21,3.04,6.29,2.05,virginica
5.83,3.23,4.23,1.27,versicolor
6.52,2.98,5.73,2.12,virginica
5.34,3.38,1.43,0.62,setosa
6.07,2.73,4.56,1.17,versicolor
6.35,2.83,6.09,1.99,virginica
6.02,2.93,4.34,1.03,versicolor
4.79,3.29,1.65,0.35,setosa
6.72,2.89,5.08,2.12,virginica
5.79,3.19,5.08,1.93,virginica
5.51,3.79,1.70,0.46,setosa
5.71,2.80,4.56,1.52,versicolor
5.61,2.87,4.33,1.16,versicolor
6.37,2.98,5.37,1.78,virginica
6.79,2.94,5.57,2.33,virginica
5.11,3.38,1.59,0.31,setosa
6.91,2.94,5.25,1.98,virginica
5.80,2.62,4.76,1.22,versicolor
6.23,2.94,5.28,1.80,virginica
6.38,3.32,5.24,1.93,virginica
6.83,2.84,5.48,1.89,virginica
5.93,3.72,1.19,0.28,setosa
4.53,3.16,1.48,0.21,setosa
7.22,3.00,5.75,1.70,virginica
6.55,2.89,5.48,2.17,virginica
5.04,3.37,1.17,0.29,setosa
5.98,2.81,4.36,1.04,versicolor
4.93,3.27,0.97,0.38,setosa
6.66,3.03,5.45,1.97,virginica
6.20,2.97,3.36,1.36,versicolor
6.24,3.22,5.54,1.97,virginica
6.01,2.46,4.29,1.51,versicolor
5.64,2.45,4.83,1.35,versicolor
6.20,3.13,3.77,1.31,versicolor
5.69,2.86,4.02,1.70,versicolor
5.20,2.65,4.74,1.42,versicolor
5.81,2.91,4.27,1.43,versicolor
6.29,2.84,5.64,2.05,virginica
5.60,2.81,3.78,1.21,versicolor
4.75,3.21,1.43,0.15,setosa
5.94,2.99,4.19,1.30,versicolor
5.42,3.64,1.91,0.37,setosa
6.31,3.10,5.94,2.40,virginica
6.55,3.15,5.71,1.73,virginica
5.36,3.50,1.65,0.16,setosa
4.99,3.73,1.72,0.40,setosa
6.36,3.08,5.22,2.34,virginica
4.75,3.50,2.29,0.23,setosa
6.27,2.88,5.53,2.21,virginica
4.67,3.46,1.76,0.10,setosa
5.60,3.69,1.36,0.39,setosa
4.91,3.48,1.80,0.25,setosa
6.23,2.77,4.44,1.13,versicolor
4.98,3.42,1.04,0.16,setosa
5.31,3.38,1.50,-0.01,setosa
5.91,2.71,4.09,1.43,versicolor
5.84,2.84,4.67,1.30,versicolor
6.13,3.03,4.19,1.11,versicolor
6.22,2.86,3.81,1.37,versicolor
5.95,3.05,5.12,1.55,virginica
5.44,2.85,4.34,1.51,versicolor
6.71,3.35,5.50,1.93,virginica
5.15,3.36,1.83,0.34,setosa
5.35,3.60,1.26,0.24,setosa
6.35,2.77,4.10,1.37,versicolor
6.89,3.08,5.21,2.18,virginica
6.64,2.57,4.10,1.46,versicolor
5.71,3.64,1.72,0.18,setosa
6.11,3.17,5.52,2.02,virginica
6.54,3.25,5.56,2.09,virginica
7.02,3.31,5.33,1.86,virginica
4.91,3.44,1.09,0.54,setosa
5.07,3.27,1.58,0.38,setosa
6.72,3.12,5.67,2.26,virginica
4.68,3.46,1.47,0.44,setosa
4.58,3.03,2.06,0.19,setosa
6.25,2.86,5.64,1.92,virginica
5.11,3.90,1.74,0.29,setosa
6.86,3.05,5.37,1.86,virginica
4.76,2.99,1.52,0.25,setosa
6.84,2.92,5.89,2.19,virginica
4.52,3.44,1.34,0.18,setosa
5.79,2.77,4.48,1.16,versicolor
5.46,2.45,4.38,1.46,versicolor
4.59,3.53,1.13,0.21,setosa
6.70,2.68,4.64,1.63,versicolor
5.02,3.21,1.48,0.27,setosa
6.01,2.78,4.28,1.43,versicolor
5.99,2.88,3.99,1.36,versicolor
6.49,3.09,5.76,2.24,virginica
6.58,2.95,5.39,1.95,virginica
5.86,2.78,4.62,1.38,versicolor
6.11,3.10,5.91,2.15,virginica
4.78,3.56,2.04,0.34,setosa
5.54,2.23,4.30,1.01,versicolor
6.41,3.01,4.99,2.26,virginica
5.13,3.76,1.79,0.13,setosa
5.15,3.48,1.78,0.12,setosa
5.03,3.22,1.41,0.39,setosa
5.85,2.72,4.12,1.36,versicolor
7.12,2.83,5.68,1.95,virginica
5.57,2.82,4.42,1.37,versicolor
6.22,3.11,5.80,1.89,virginica
6.43,2.86,6.30,2.12,virginica
4.87,3.47,1.45,0.09,setosa
5.35,3.46,1.51,0.20,setosa
6.19,3.03,5.19,2.01,virginica
5.40,3.46,1.59,0.39,setosa
4.37,3.22,1.14,0.16,setosa
5.13,3.38,1.92,0.03,setosa
6.22,2.47,5.73,2.20,virginica
6.26,2.66,3.98,1.05,versicolor
5.18,3.77,1.68,0.26,setosa
5.84,2.90,4.61,0.87,versicolor
5.66,2.72,4.07,1.29,versicolor
4.41,3.54,1.76,0.27,setosa
5.51,3.46,1.68,-0.01,setosa
6.09,2.82,4.35,1.30,versicolor
6.80,2.49,4.52,1.48,versicolor
5.89,2.86,3.96,1.28,versicolor
6.09,3.08,4.39,0.99,versicolor
6.80,3.02,6.37,2.25,virginica
5.16,3.44,1.86,0.26,setosa
5.08,3.09,1.73,0.28,setosa
5.59,2.78,3.79,1.47,versicolor
6.27,2.88,5.68,2.09,virginica
6.71,3.18,5.51,1.87,virginica
6.57,3.00,6.06,1.95,virginica
4.49,3.19,1.67,0.24,setosa
5.80,2.77,3.91,1.60,versicolor
6.92,3.10,5.58,2.05,virginica
7.27,3.00,5.51,1.89,virginica
6.41,2.84,3.94,1.18,versicolor
5.14,2.94,4.53,1.13,versicolor
5.78,2.68,3.89,1.04,versicolor
7.19,3.01,5.60,1.87,virginica
6.63,2.99,4.49,1.41,versicolor
4.21,3.33,1.77,0.32,setosa
6.23,3.11,4.72,1.72,versicolor
4.93,3.45,1.68,0.57,setosa
6.73,2.96,5.60,1.87,virginica
6.97,2.85,5.16,2.08,virginica
5.88,2.43,4.35,1.40,versicolor
6.54,2.82,4.34,1.31,versicolor
7.55,2.74,5.49,1.83,virginica
4.86,3.29,1.33,0.22,setosa
4.80,3.40,1.39,0.20,setosa
5.53,3.57,1.36,0.39,setosa
5.12,3.53,2.04,0.12,setosa
6.77,2.89,5.38,2.08,virginica
6.09,2.39,4.31,1.42,versicolor
5.41,2.62,4.29,1.57,versicolor
6.59,2.82,4.21,1.26,versicolor
6.86,2.99,5.49,2.17,virginica
4.68,3.47,1.30,-0.02,setosa
5.23,3.13,1.59,0.19,setosa
5.01,3.28,1.78,0.24,setosa
5.43,2.99,4.37,1.27,versicolor
6.55,2.97,5.51,1.71,virginica
6.72,3.09,5.60,2.35,virginica
6.17,2.88,4.54,1.63,versicolor
4.79,3.40,1.73,-0.25,setosa
6.67,2.71,5.74,1.80,virginica
6.39,3.13,5.03,1.93,virginica
6.30,3.07,5.35,2.09,virginica
6.65,2.89,4.29,1.52,versicolor
4.66,3.44,1.86,0.16,setosa
5.34,3.27,2.18,0.26,setosa
6.22,2.94,4.92,0.93,versicolor
4.93,3.29,1.44,0.15,setosa
6.66,2.78,5.72,1.87,virginica
5.28,3.21,1.31,0.65,setosa
5.48,3.09,1.76,0.27,setosa
6.43,2.99,4.32,1.41,versicolor
6.81,3.07,5.79,1.80,virginica
5.21,3.52,1.56,0.37,setosa
6.65,3.08,4.98,1.68,virginica
4.67,3.59,1.18,-0.14,setosa
6.24,2.64,4.31,1.47,versicolor
5.25,3.32,1.57,0.05,setosa
6.03,2.62,4.64,1.34,versicolor
6.03,3.07,5.45,2.22,virginica
5.06,3.35,1.52,0.22,setosa
6.26,3.31,4.52,1.38,versicolor
6.53,2.94,5.26,1.96,virginica
6.02,2.98,4.26,1.15,versicolor
6.08,2.58,4.46,1.32,versicolor
5.43,3.19,1.08,0.51,setosa
6.67,2.70,5.54,1.85,virginica
6.06,3.14,5.43,1.84,virginica
4.79,3.25,1.48,0.06,setosa
5.14,2.90,4.44,1.01,versicolor
6.52,3.19,5.40,1.92,virginica
5.32,3.33,1.22,0.51,setosa
6.80,3.03,6.02,2.25,virginica
5.75,2.89,4.76,1.37,versicolor
4.70,3.22,1.20,0.18,setosa
5.72,2.81,3.68,1.31,versicolor
6.30,2.64,4.43,1.24,versicolor
5.89,2.63,4.38,1.12,versicolor
5.27,2.43,3.88,1.21,versicolor
6.59,2.98,5.68,2.11,virginica
5.42,2.53,4.64,1.26,versicolor
6.33,2.67,4.31,1.36,versicolor
6.48,2.46,4.36,1.29,versicolor
4.80,3.67,1.64,0.26,setosa
6.56,3.03,5.47,2.04,virginica
6.12,2.83,4.03,1.68,versicolor
6.43,2.78,5.20,1.89,virginica
5.40,3.54,1.03,0.32,setosa
6.17,3.17,5.70,1.92,virginica
6.79,2.86,3.97,1.43,versicolor
5.88,2.69,3.77,1.34,versicolor
5.82,2.75,4.32,1.40,versicolor
4.97,3.26,1.53,0.13,setosa
5.75,3.00,4.81,2.31,virginica
6.95,2.91,5.76,1.88,virginica
6.42,3.00,5.23,2.03,virginica
5.65,2.94,4.09,1.40,versicolor
6.13,2.98,4.69,1.39,versicolor
5.01,3.56,1.67,0.29,setosa
5.70,2.67,4.33,1.47,versicolor
5.85,3.08,4.82,1.38,versicolor
4.76,3.81,2.19,-0.01,setosa
6.77,2.75,5.76,1.90,virginica
5.10,3.64,1.81,0.55,setosa
6.67,2.80,5.69,1.78,virginica
6.01,3.24,4.19,1.30,versicolor
5.33,2.86,3.92,1.16,versicolor
5.04,3.21,1.68,0.21,setosa
7.26,3.00,5.69,2.27,virginica
6.27,2.50,4.21,1.65,versicolor
5.03,3.16,1.57,0.28,setosa
6.52,2.53,5.45,1.89,virginica
4.92,3.33,1.86,0.34,setosa
5.61,2.67,4.43,1.59,versicolor
6.28,3.35,5.07,2.07,virginica
6.00,2.56,4.46,1.37,versicolor
5.92,2.85,3.95,1.32,versicolor
5.68,2.44,4.43,1.31,versicolor
4.87,3.26,1.69,0.66,setosa
6.67,3.14,5.59,2.15,virginica
6.08,2.92,5.36,2.10,virginica
4.61,3.39,1.49,0.48,setosa
5.39,3.10,1.17,0.12,setosa
4.76,3.42,1.12,0.09,setosa
6.31,2.92,5.06,2.01,virginica
4.72,3.28,1.79,0.11,setosa
6.00,2.86,4.24,1.40,versicolor
5.75,3.44,4.18,0.98,versicolor
6.93,3.19,4.86,1.97,virginica
5.17,3.12,1.30,0.18,setosa
6.25,2.99,4.05,1.45,versicolor
5.12,3.22,1.35,0.24,setosa
4.95,3.31,1.67,-0.05,setosa
6.53,2.83,5.84,2.11,virginica
4.89,3.11,1.77,0.46,setosa
6.38,2.85,4.56,1.61,versicolor
5.97,2.55,4.06,1.07,versicolor
5.62,2.97,4.38,1.27,versicolor
4.91,3.54,0.74,0.28,setosa
6.01,2.61,3.92,1.53,versicolor
6.36,3.08,4.32,1.49,versicolor
5.20,3.54,0.89,0.36,setosa
6.77,2.75,4.59,1.48,versicolor
5.85,2.92,5.58,2.13,virginica
4.94,3.12,1.10,0.32,setosa
5.86,2.88,4.23,1.53,versicolor
5.44,3.51,1.20,0.49,setosa
6.64,3.30,5.33,2.10,virginica
5.93,2.59,4.34,1.07,versicolor
6.78,3.27,5.08,1.84,virginica
6.34,3.01,5.40,2.10,virginica
4.95,3.40,1.85,0.37,setosa
5.98,3.03,5.89,2.19,virginica
6.43,2.85,5.75,1.98,virginica
6.02,3.09,4.52,1.26,versicolor
5.29,3.20,1.50,0.40,setosa
4.21,3.23,1.19,0.05,setosa
6.82,3.20,5.85,1.69,virginica
5.01,3.40,1.40,0.12,setosa
5.13,3.58,1.32,0.38,setosa
5.89,2.52,4.13,1.56,versicolor
5.45,3.35,1.42,0.08,setosa
6.24,2.74,4.00,1.12,versicolor
4.60,3.29,1.97,0.19,setosa
4.97,3.51,1.82,0.19,setosa
6.84,2.94,5.74,2.03,virginica
6.76,2.79,5.61,2.24,virginica
6.76,2.89,3.94,1.20,versicolor
4.76,3.43,1.28,0.46,setosa
5.17,3.36,1.19,0.26,setosa
5.82,3.26,1.58,-0.09,setosa
5.78,2.77,4.13,1.15,versicolor
4.91,3.37,1.52,0.09,setosa
7.30,2.95,5.45,2.17,virginica
5.54,2.78,4.25,1.49,versicolor
6.64,2.94,5.13,1.93,virginica
5.65,3.37,1.27,0.24,setosa
6.42,2.75,4.23,1.42,versicolor
5.37,2.81,4.23,1.55,versicolor
5.34,3.40,1.29,0.19,setosa
5.77,2.68,5.33,2.02,virginica
5.65,3.09,4.25,1.23,versicolor
5.23,3.30,2.08,0.56,setosa
6.83,2.92,4.08,1.39,versicolor
6.51,2.66,4.51,1.24,versicolor
5.00,3.26,1.54,0.29,setosa
6.54,3.18,5.19,1.89,virginica
4.29,3.21,1.98,0.06,setosa
5.76,3.45,1.32,0.02,setosa
6.37,3.08,5.17,1.98,virginica
6.03,2.63,4.76,1.69,versicolor
4.78,3.14,1.88,0.22,setosa
5.27,2.40,4.51,1.41,versicolor
6.58,2.96,5.36,1.61,virginica
6.42,3.03,5.11,1.91,virginica
5.06,2.88,1.27,0.29,setosa
5.41,3.30,1.78,0.14,setosa
5.01,3.40,1.71,0.17,setosa
5.52,3.01,1.30,0.15,setosa
5.76,2.70,4.30,1.51,versicolor
6.58,3.28,5.33,2.00,virginica
5.06,3.48,2.10,-0.02,setosa
6.22,2.26,4.55,1.25,versicolor
5.05,3.36,1.79,0.45,setosa
5.08,3.24,1.15,0.24,setosa
6.56,2.68,3.68,0.87,versicolor
6.21,3.33,5.44,1.70,virginica
6.40,2.99,5.34,2.14,virginica
4.99,3.69,1.21,0.22,setosa
5.13,2.88,1.58,0.24,setosa
6.12,3.05,4.57,1.38,versicolor
4.95,3.21,1.53,0.33,setosa
6.76,2.62,4.92,1.96,virginica
7.14,3.03,5.44,1.99,virginica
4.29,3.36,1.41,0.17,setosa
6.62,2.96,5.55,1.71,virginica
6.35,3.08,5.82,2.24,virginica
7.25,3.05,5.97,2.04,virginica
5.34,2.93,4.31,1.21,versicolor
6.72,2.79,5.22,1.85,virginica
4.67,3.46,1.85,0.38,setosa
5.90,2.74,4.85,1.46,versicolor
6.11,3.07,5.41,1.94,virginica
6.69,2.84,4.98,1.86,virginica
5.06,3.47,1.42,0.11,setosa
5.97,2.52,4.06,1.40,versicolor
6.09,2.98,5.37,1.93,virginica
4.89,3.33,1.42,0.52,setosa
7.10,3.31,5.89,2.11,virginica
7.05,2.71,5.57,1.90,virginica
6.50,2.76,5.29,1.76,virginica
5.30,3.51,2.04,-0.09,setosa
5.29,2.86,4.09,1.05,versicolor
6.57,2.72,5.17,1.91,virginica
6.60,2.71,4.98,1.91,virginica
7.13,2.92,5.67,1.95,virginica
6.29,3.02,5.29,2.25,virginica
5.12,3.46,1.09,0.07,setosa
4.72,3.59,1.72,0.14,setosa
7.11,3.25,5.75,1.96,virginica
5.05,3.94,1.53,-0.13,setosa
5.52,2.65,3.99,1.39,versicolor
5.03,3.36,1.67,0.28,setosa
6.39,3.17,5.52,1.99,virginica
5.49,3.15,4.25,1.55,versicolor
6.37,2.86,5.10,2.03,virginica
6.11,2.89,4.33,1.08,versicolor
5.92,3.01,3.91,1.25,versicolor
5.77,2.91,4.56,1.15,versicolor
5.94,2.94,5.13,2.15,virginica
5.26,3.34,1.30,0.35,setosa
5.51,3.72,1.97,0.25,setosa
6.27,2.64,4.24,1.22,versicolor
4.77,3.35,1.69,0.33,setosa
5.06,3.70,1.44,0.17,setosa
5.25,3.39,1.50,-0.05,setosa
6.27,3.14,5.04,2.10,virginica
5.60,3.60,1.47,0.21,setosa
5.69,3.00,4.81,1.04,versicolor
4.88,3.26,1.38,0.12,setosa
6.52,2.75,5.53,2.40,virginica
5.18,3.18,1.81,0.06,setosa
6.49,2.83,5.58,1.93,virginica
5.57,3.00,4.25,0.99,versicolor
6.57,3.02,5.39,2.00,virginica
6.96,3.18,5.09,2.15,virginica
6.00,3.23,5.44,2.20,virginica
7.01,2.95,5.68,1.91,virginica
5.86,2.97,4.65,1.44,versicolor
6.74,3.27,5.20,2.19,virginica
5.41,3.53,1.49,0.37,setosa
6.77,2.98,5.59,2.04,virginica
6.55,2.69,5.26,1.89,virginica
6.02,2.46,4.49,1.20,versicolor
5.81,2.80,4.10,1.33,versicolor
6.14,2.74,4.28,1.86,versicolor
6.37,2.88,4.97,1.19,versicolor
4.57,3.73,1.65,0.57,setosa
4.93,3.56,1.81,-0.02,setosa
4.57,3.69,2.21,0.34,setosa
6.49,2.94,5.77,2.09,virginica
6.52,3.09,3.66,1.13,versicolor
5.10,3.46,1.68,0.15,setosa
6.50,3.19,5.16,2.23,virginica
4.93,3.20,1.07,0.00,setosa
6.79,3.23,5.46,2.06,virginica
6.63,2.84,5.80,1.94,virginica
6.82,2.96,5.45,1.95,virginica
5.24,3.15,1.86,0.11,setosa
4.65,3.59,1.58,0.05,setosa
6.30,3.25,5.32,1.88,virginica
5.83,3.20,5.86,2.26,virginica
6.11,2.95,4.51,1.30,versicolor
6.65,3.11,5.83,1.85,virginica
5.03,3.18,1.42,0.22,setosa
6.39,3.13,5.60,1.86,virginica
5.37,3.49,1.50,0.01,setosa
4.27,3.67,1.53,0.04,setosa
6.58,2.87,5.39,2.17,virginica
6.51,3.27,5.54,1.69,virginica
4.70,3.37,1.08,-0.01,setosa
5.47,3.30,1.59,0.24,setosa
5.89,2.75,4.10,1.42,versicolor
6.37,2.73,5.49,1.94,virginica
6.12,2.45,5.65,2.23,virginica
6.15,2.99,4.19,0.97,versicolor
6.39,3.06,5.69,2.03,virginica
5.32,3.36,1.61,0.09,setosa
6.39,2.93,5.92,1.78,virginica
5.36,2.87,4.53,1.44,versicolor
5.97,2.96,4.36,1.35,versicolor
6.16,2.68,4.43,1.31,versicolor
6.77,3.35,5.91,2.12,virginica
6.23,2.90,4.04,1.24,versicolor
6.25,3.08,6.08,1.98,virginica
6.22,2.84,4.39,1.36,versicolor
6.93,3.17,5.65,2.18,virginica
5.46,3.62,1.57,-0.07,setosa
5.99,2.90,4.36,0.94,versicolor
6.36,2.99,4.03,1.38,versicolor
5.77,2.70,3.52,1.14,versicolor
6.65,2.91,5.54,1.82,virginica
6.00,2.49,4.09,1.51,versicolor
6.10,2.86,4.27,1.32,versicolor
5.03,3.68,1.29,0.19,setosa
5.85,2.68,4.44,1.33,versicolor
6.88,3.09,5.34,1.82,virginica
6.42,3.00,5.75,2.05,virginica
4.87,3.20,1.42,0.15,setosa
5.24,3.20,2.05,0.19,setosa
6.95,3.20,5.44,1.92,virginica
4.89,3.14,1.29,0.19,setosa
6.30,2.67,4.34,1.15,versicolor
4.11,3.58,2.19,0.25,setosa
4.85,3.50,1.21,0.22,setosa
4.53,3.55,1.75,0.08,setosa
5.02,3.38,1.32,0.61,setosa
6.70,2.47,5.17,2.11,virginica
5.30,3.82,1.73,0.30,setosa
5.76,3.01,3.72,1.11,versicolor
6.32,2.73,4.56,1.55,versicolor
7.82,3.06,5.66,1.99,virginica
6.86,2.98,5.54,2.22,virginica
6.52,2.87,4.13,1.34,versicolor
5.83,2.59,4.25,1.04,versicolor
6.11,2.89,3.97,1.40,versicolor
6.56,2.73,5.13,2.17,virginica
6.30,3.03,4.01,1.61,versicolor
6.41,2.75,5.67,2.17,virginica
6.11,2.85,4.20,1.22,versicolor
6.71,2.81,5.20,2.04,virginica
4.41,3.13,1.66,0.19,setosa
4.54,3.61,1.49,0.50,setosa
4.88,3.50,1.94,0.13,setosa
6.36,3.01,5.08,2.18,virginica
5.12,2.73,3.80,1.22,versicolor
5.13,3.90,1.27,0.23,setosa
4.74,3.52,1.45,0.36,setosa
4.41,3.48,0.92,-0.00,setosa
5.87,3.01,5.86,1.88,virginica
6.03,2.48,3.63,1.14,versicolor
6.35,3.25,5.53,1.85,virginica
4.60,3.13,1.20,0.25,setosa
6.42,2.84,4.74,1.28,versicolor
5.39,3.49,1.55,0.26,setosa
6.36,3.03,4.24,1.33,versicolor
5.78,2.76,4.61,1.03,versicolor
5.90,2.58,4.52,1.16,versicolor
7.13,2.93,5.55,2.22,virginica
4.22,3.41,1.63,0.06,setosa
5.19,3.52,1.31,0.36,setosa
6.31,3.19,6.07,2.15,virginica
4.92,3.33,1.67,0.31,setosa
5.95,3.08,5.59,1.89,virginica
6.70,3.00,5.36,1.70,virginica
6.28,2.83,4.45,1.43,versicolor
6.31,2.66,4.75,1.54,versicolor
6.53,2.34,4.11,1.40,versicolor
6.63,3.32,5.27,1.91,virginica
6.12,2.55,4.53,1.30,versicolor
4.65,3.37,1.68,0.22,setosa
6.71,2.88,5.68,2.17,virginica
5.49,3.40,2.13,0.09,setosa
7.07,3.09,5.76,1.87,virginica
5.32,3.19,1.70,0.33,setosa
6.08,2.83,4.12,1.31,versicolor
6.55,3.08,5.51,1.81,virginica
6.16,2.80,4.19,1.38,versicolor
4.83,3.22,1.55,0.39,setosa
5.36,3.37,1.81,0.25,setosa
5.53,2.69,4.28,1.12,versicolor
5.69,3.01,4.49,1.37,versicolor
6.19,2.72,4.43,1.14,versicolor
6.03,2.78,4.06,1.69,versicolor
7.06,3.06,5.35,1.92,virginica
6.43,2.92,5.59,2.09,virginica
6.54,3.16,5.63,1.92,virginica
5.15,3.22,1.52,0.22,setosa
6.08,2.84,4.42,1.29,versicolor
6.65,3.43,5.47,1.93,virginica
6.55,2.99,5.23,1.98,virginica
5.19,3.42,1.64,0.36,setosa
5.24,3.39,1.04,0.58,setosa
4.63,3.60,2.01,0.30,setosa
6.06,2.84,4.79,0.87,versicolor
6.04,2.98,4.40,1.42,versicolor
5.66,3.27,1.85,0.50,setosa
6.67,3.12,5.37,2.19,virginica
4.67,3.27,1.42,0.03,setosa
4.62,3.33,2.18,0.24,setosa
5.28,3.29,1.35,0.00,setosa
6.38,2.74,6.00,1.63,virginica
7.28,3.16,5.19,1.94,virginica
5.10,3.36,1.84,-0.14,setosa
6.36,2.90,5.23,1.90,virginica
5.47,3.49,1.48,0.64,setosa
6.76,2.86,5.05,2.20,virginica
4.49,3.32,1.54,0.22,setosa
6.82,2.95,5.88,2.29,virginica
6.29,2.72,5.88,1.70,virginica
5.90,2.66,4.47,1.23,versicolor
6.00,2.96,4.55,1.25,versicolor
6.68,2.79,4.23,1.10,versicolor
6.16,3.08,5.56,2.29,virginica
4.80,3.51,1.12,0.63,setosa
5.42,2.37,4.04,1.49,versicolor
5.33,3.54,1.68,0.43,setosa
6.58,3.04,5.20,2.19,virginica
6.28,2.93,5.46,1.97,virginica
5.74,3.52,1.24,0.40,setosa
6.37,3.20,4.48,1.40,versicolor
6.69,3.06,5.34,1.96,virginica
4.98,3.35,1.59,0.36,setosa
4.68,2.98,1.39,-0.02,setosa
6.77,2.95,5.62,1.90,virginica
6.81,2.87,5.56,2.04,virginica
7.62,2.79,5.20,2.16,virginica
6.32,3.13,5.33,1.94,virginica
4.39,3.34,1.50,0.27,setosa
5.56,3.39,1.81,0.34,setosa
6.48,2.59,5.12,1.14,versicolor
4.77,3.37,1.46,0.04,setosa
4.72,3.57,1.19,0.05,setosa
5.52,3.50,1.57,0.28,setosa
6.79,3.12,5.12,2.19,virginica
5.44,2.90,4.16,1.38,versicolor
4.94,3.39,1.56,0.49,setosa
4.62,3.24,1.96,0.51,setosa
4.69,3.23,1.59,0.09,setosa
6.63,2.61,4.62,1.51,versicolor
5.31,3.35,1.08,0.08,setosa
6.70,3.14,5.91,2.04,virginica
5.17,3.30,0.65,0.22,setosa
5.53,3.51,1.48,0.15,setosa
6.54,3.14,5.44,2.18,virginica
4.66,3.24,1.82,0.10,setosa
6.73,3.08,4.03,1.55,versicolor
5.41,2.83,3.64,1.11,versicolor
5.90,3.00,5.47,2.01,virginica
5.91,2.62,4.45,1.30,versicolor
5.53,2.88,3.94,1.25,versicolor
6.63,2.87,6.35,1.95,virginica
4.95,2.89,1.61,-0.02,setosa
6.07,2.83,4.16,1.40,versicolor
5.60,2.97,4.16,1.33,versicolor
6.00,2.79,4.51,1.21,versicolor
4.68,3.69,1.92,0.26,setosa
6.38,2.95,5.76,1.91,virginica
5.85,2.76,3.62,1.46,versicolor
6.43,2.97,5.70,2.14,virginica
5.08,3.35,1.44,0.26,setosa
5.57,3.08,3.54,1.14,versicolor
4.76,3.71,1.70,0.34,setosa
5.60,2.71,4.57,1.15,versicolor
6.54,2.43,4.44,1.57,versicolor
6.17,2.72,3.70,1.16,versicolor
4.47,3.70,1.30,-0.25,setosa
5.77,3.54,1.39,0.39,setosa
5.89,2.80,3.87,1.31,versicolor
6.57,2.89,5.42,1.98,virginica
7.34,2.85,5.72,2.01,virginica
6.47,2.98,5.54,1.97,virginica
4.85,3.63,1.71,-0.26,setosa
6.06,2.98,4.49,1.28,versicolor
5.23,3.37,1.29,0.25,setosa
5.50,3.07,4.33,1.37,versicolor
5.90,3.20,1.36,0.10,setosa
6.65,3.15,5.51,2.20,virginica
5.08,3.60,0.98,0.11,setosa
5.18,3.60,1.78,0.32,setosa
6.61,2.44,4.29,1.31,versicolor
4.90,3.04,1.43,-0.15,setosa
6.45,2.98,5.54,1.97,virginica
5.58,3.52,1.66,0.21,setosa
5.89,2.70,4.10,1.09,versicolor
6.23,2.56,4.38,1.39,versicolor
6.35,2.97,5.30,2.05,virginica
6.28,2.59,4.40,1.43,versicolor
4.90,3.35,1.29,0.60,setosa
5.31,3.32,1.37,0.20,setosa
7.38,3.42,5.15,1.89,virginica
6.98,3.30,5.83,1.91,virginica
4.50,3.24,1.22,0.38,setosa
4.41,3.47,1.28,0.19,setosa
6.84,3.04,5.35,1.85,virginica
6.98,3.02,5.45,2.02,virginica
5.89,2.75,4.58,1.39,versicolor
6.00,2.75,4.19,1.29,versicolor
6.57,2.87,5.26,2.05,virginica
6.98,2.99,5.35,1.87,virginica
7.07,2.86,5.87,2.10,virginica
5.90,2.81,4.33,1.28,versicolor
5.79,2.70,4.64,1.25,versicolor
5.68,2.69,4.51,1.32,versicolor
5.38,3.50,2.03,0.03,setosa
6.47,2.67,4.04,1.10,versicolor
5.61,2.65,4.49,1.40,versicolor
4.61,3.65,1.47,0.02,setosa
5.23,3.65,1.39,0.13,setosa
6.81,3.06,5.31,2.11,virginica
5.13,3.50,1.61,0.26,setosa
7.12,3.10,5.13,1.89,virginica
5.16,3.02,1.90,0.36,setosa
7.28,2.91,6.07,2.24,virginica
5.28,3.18,1.42,0.43,setosa
6.34,3.05,5.95,2.03,virginica
4.89,3.08,1.08,-0.05,setosa
6.62,3.14,5.53,1.75,virginica
6.52,3.12,5.23,1.89,virginica
6.24,2.48,3.70,1.40,versicolor
6.67,2.95,5.95,2.45,virginica
6.11,3.11,5.59,1.84,virginica
5.11,3.44,1.27,-0.13,setosa
6.66,2.87,5.27,2.12,virginica
6.46,3.20,5.69,2.36,virginica
6.52,2.59,5.83,1.89,virginica
5.68,2.57,4.50,1.09,versicolor
5.79,3.03,4.52,1.29,versicolor
5.09,3.36,1.62,0.25,setosa
6.64,2.73,3.57,1.23,versicolor
5.85,2.92,4.20,1.03,versicolor
4.51,3.38,1.24,0.42,setosa
5.29,3.25,1.84,0.21,setosa
6.74,2.84,4.56,1.22,versicolor
6.07,2.66,3.98,1.34,versicolor
6.67,2.95,5.58,1.91,virginica
5.31,2.45,4.47,1.21,versicolor
6.35,2.81,5.63,2.06,virginica
6.17,2.95,4.34,1.15,versicolor
6.70,2.90,5.24,2.00,virginica
6.15,2.57,4.46,1.03,versicolor
6.82,2.56,4.16,1.49,versicolor
7.09,2.99,4.94,2.13,virginica
6.33,3.27,5.83,1.97,virginica
6.91,3.30,5.44,1.91,virginica
6.77,2.97,5.50,1.99,virginica
6.23,3.20,5.70,1.84,virginica
6.30,2.75,4.65,1.31,versicolor
5.97,2.88,4.66,1.12,versicolor
5.67,2.51,4.38,1.29,versicolor
6.36,3.39,5.26,2.23,virginica
6.81,3.30,5.60,1.90,virginica
5.70,2.93,4.92,1.94,virginica
6.30,2.56,4.18,1.20,versicolor
6.39,2.92,4.43,1.25,versicolor
6.34,2.91,5.10,1.94,virginica
5.42,3.36,1.15,0.32,setosa
6.16,3.13,5.33,1.82,virginica
6.17,2.49,3.65,1.23,versicolor
6.52,3.12,5.61,2.22,virginica
4.97,3.10,1.59,0.32,setosa
6.74,3.02,5.22,1.98,virginica
4.80,3.27,1.55,0.25,setosa
5.03,3.02,1.57,0.45,setosa
6.98,3.51,5.30,1.63,virginica
6.01,2.81,4.06,1.47,versicolor
4.52,3.24,2.00,0.13,setosa
6.79,3.36,5.17,1.99,virginica
7.23,2.85,5.65,1.97,virginica
5.38,3.38,1.58,0.28,setosa
6.22,3.02,5.56,2.11,virginica
4.91,2.93,1.68,0.35,setosa
5.93,3.13,4.73,1.40,versicolor
5.61,3.53,1.17,0.25,setosa
5.98,2.59,4.60,1.11,versicolor
6.59,3.28,5.58,2.02,virginica
6.20,2.79,4.34,1.44,versicolor
5.98,2.76,5.82,2.11,virginica
4.83,3.28,1.65,0.31,setosa
5.55,3.17,0.72,-0.01,setosa
6.42,2.88,5.29,1.95,virginica
6.51,2.83,5.80,1.84,virginica
4.87,3.25,1.59,0.27,setosa
6.55,2.97,5.82,1.77,virginica
6.99,2.58,5.57,2.15,virginica
6.73,3.06,5.94,1.78,virginica
6.47,2.89,5.56,2.03,virginica
6.31,2.86,4.28,1.32,versicolor
5.33,3.42,1.77,-0.00,setosa
5.05,3.48,1.68,-0.07,setosa
5.87,2.58,4.40,0.93,versicolor
7.22,2.92,5.65,2.30,virginica
7.07,2.90,5.32,2.25,virginica
5.41,3.49,1.54,0.28,setosa
6.69,2.80,5.47,1.90,virginica
6.77,2.92,5.58,1.86,virginica
5.00,3.64,1.75,0.38,setosa
4.71,3.74,1.58,0.25,setosa
4.74,3.45,1.23,0.04,setosa
6.16,2.63,4.28,1.07,versicolor
6.08,3.08,4.45,1.55,versicolor
4.44,3.35,1.24,0.41,setosa
4.84,3.55,1.48,0.26,setosa
4.98,3.49,1.59,0.44,setosa
6.13,2.70,4.69,1.33,versicolor
5.06,3.10,1.15,-0.01,setosa
4.79,3.54,1.35,-0.07,setosa
6.53,3.20,5.51,2.01,virginica
5.67,3.33,1.50,0.36,setosa
4.99,3.81,1.66,0.36,setosa
6.07,2.65,5.25,2.03,virginica
5.39,3.42,1.45,0.20,setosa
4.90,3.39,1.56,0.23,setosa
6.08,2.60,4.07,1.15,versicolor
7.10,3.23,5.30,2.31,virginica
5.20,3.41,1.36,0.05,setosa
5.94,2.63,4.80,1.41,versicolor
4.84,3.38,1.88,0.37,setosa
5.92,2.72,4.98,1.16,versicolor
5.94,2.79,4.77,1.34,versicolor
4.92,3.39,1.47,0.25,setosa
6.50,3.03,5.55,1.83,virginica
6.51,3.18,5.81,2.16,virginica
5.83,2.88,4.42,1.44,versicolor
4.17,3.56,1.55,0.16,setosa
6.36,2.80,6.05,2.18,virginica
6.92,2.85,5.08,2.08,virginica
6.90,3.18,5.41,1.82,virginica
4.97,3.51,1.63,-0.06,setosa
5.78,3.15,4.21,1.55,versicolor
5.62,2.77,4.37,1.23,versicolor
4.73,3.52,1.96,0.19,setosa
6.11,2.84,4.60,1.30,versicolor
6.11,2.97,4.13,1.50,versicolor
6.56,3.11,5.60,1.76,virginica
5.92,2.84,4.58,1.51,versicolor
5.25,3.50,2.05,0.50,setosa
6.52,2.98,4.81,2.03,virginica
6.02,2.86,4.85,1.75,versicolor
6.17,2.71,4.54,1.16,versicolor
6.90,3.35,4.92,2.05,virginica
5.55,3.01,4.14,1.37,versicolor
6.85,3.13,5.47,1.86,virginica
6.32,2.87,4.11,1.36,versicolor
6.11,2.71,3.94,1.02,versicolor
6.22,2.70,5.55,2.13,virginica
3.79,3.28,1.45,0.42,setosa
5.61,2.62,4.27,1.22,versicolor
6.70,2.80,3.97,1.11,versicolor
4.87,3.59,1.86,0.17,setosa
6.71,3.24,5.52,1.73,virginica
6.00,2.81,4.21,1.46,versicolor
5.88,2.36,4.74,1.26,versicolor
4.87,3.24,1.48,0.25,setosa
6.82,2.89,5.74,2.22,virginica
6.32,3.10,5.37,2.01,virginica
7.01,3.17,5.90,2.12,virginica
6.37,3.16,5.04,2.13,virginica
4.75,3.24,1.16,0.15,setosa
5.82,2.94,3.57,1.09,versicolor
6.10,2.83,3.74,1.56,versicolor
6.22,2.91,4.19,1.02,versicolor
6.13,2.96,4.78,1.25,versicolor
5.21,3.18,1.57,0.08,setosa
6.69,3.18,5.58,2.20,virginica
5.36,3.26,1.41,-0.00,setosa
5.72,2.72,4.14,1.43,versicolor
6.23,3.08,5.07,2.02,virginica
6.02,3.04,4.46,1.36,versicolor
5.61,3.02,4.24,1.25,versicolor
5.46,3.46,1.74,0.05,setosa
6.98,2.86,5.40,2.17,virginica
4.98,3.19,1.40,0.16,setosa
4.76,3.69,1.48,0.24,setosa
5.30,3.03,1.71,0.21,setosa
5.72,2.46,4.99,1.33,versicolor
6.52,2.75,5.41,2.10,virginica
4.86,3.34,1.36,-0.10,setosa
6.44,2.69,5.64,1.96,virginica
5.64,2.38,4.22,1.33,versicolor
6.03,2.71,3.86,1.20,versicolor
4.07,3.40,1.17,0.17,setosa
6.09,2.87,4.31,1.15,versicolor
6.14,2.94,5.48,1.85,virginica
6.49,2.87,4.28,1.16,versicolor
5.02,3.05,1.53,0.25,setosa
5.67,3.00,3.67,1.26,versicolor
7.11,2.94,5.41,2.07,virginica
6.13,2.99,5.05,2.01,virginica
6.42,3.07,4.38,1.11,versicolor
5.13,3.29,1.09,0.42,setosa
6.27,2.90,5.56,1.66,virginica
5.16,3.55,1.37,0.31,setosa
4.92,3.56,2.09,0.38,setosa
5.67,3.19,1.03,0.07,setosa
5.91,2.55,4.46,1.30,versicolor
6.35,2.89,5.39,2.10,virginica
6.53,3.31,5.14,1.90,virginica
5.00,3.36,1.08,0.20,setosa
5.34,3.22,1.49,-0.06,setosa
5.62,2.86,4.43,1.17,versicolor
6.64,2.71,5.53,2.20,virginica
5.93,3.57,1.49,0.22,setosa
6.53,2.94,5.54,1.64,virginica
6.37,2.89,4.37,1.22,versicolor
6.04,2.99,4.25,1.22,versicolor
4.55,3.27,1.88,0.18,setosa
6.06,2.96,5.08,1.98,virginica
5.27,3.54,1.23,0.13,setosa
4.71,3.49,1.38,-0.03,setosa
5.39,2.88,4.06,1.39,versicolor
6.09,3.09,4.12,1.12,versicolor
5.92,2.86,4.66,0.93,versicolor
5.25,3.58,1.88,0.31,setosa
6.78,3.04,5.37,1.91,virginica
5.52,2.62,4.61,1.24,versicolor
6.43,2.91,4.49,1.32,versicolor
4.86,3.55,1.69,0.48,setosa
4.35,3.32,1.29,0.34,setosa
6.21,3.05,4.75,1.08,versicolor
4.38,3.31,1.74,0.35,setosa
5.75,3.44,1.78,0.07,setosa
4.94,3.36,1.71,0.34,setosa
6.87,2.98,5.53,2.22,virginica
4.64,3.33,1.51,0.34,setosa
4.60,3.61,2.02,0.08,setosa
6.77,3.05,5.68,1.85,virginica
4.97,3.22,1.69,0.15,setosa
6.22,3.16,6.07,1.76,virginica
5.60,2.68,4.45,1.08,versicolor
4.92,3.26,1.63,0.25,setosa
5.09,3.16,1.89,0.18,setosa
6.71,2.77,5.43,1.94,virginica
4.81,3.39,1.77,0.60,setosa
5.40,3.43,1.51,0.24,setosa
6.56,2.79,5.74,2.34,virginica
6.45,2.79,5.11,1.90,virginica
5.03,3.28,1.46,-0.11,setosa
6.57,2.78,5.52,1.77,virginica
6.01,2.87,4.78,1.39,versicolor
6.17,2.97,4.28,1.45,versicolor
6.87,2.79,5.41,2.03,virginica
6.58,2.87,4.13,1.09,versicolor
5.96,2.90,5.39,1.79,virginica
6.96,2.88,5.25,2.13,virginica
5.09,3.51,2.09,0.21,setosa
5.92,2.79,4.68,1.59,versicolor
5.57,3.66,1.73,0.03,setosa
5.86,3.09,4.41,1.52,versicolor
5.70,2.61,4.19,1.46,versicolor
6.92,3.09,5.59,2.05,virginica
6.92,2.88,5.27,2.12,virginica
5.05,3.76,1.22,0.23,setosa
6.94,3.15,5.18,2.23,virginica
4.63,3.23,1.34,0.64,setosa
5.88,2.74,5.90,2.04,virginica
5.23,3.44,1.78,0.44,setosa
5.27,2.73,4.44,1.42,versicolor
5.36,3.27,1.28,0.40,setosa
6.78,2.65,5.79,1.70,virginica
6.66,3.21,5.78,1.52,virginica
5.43,2.56,3.87,1.10,versicolor
4.57,3.36,1.58,0.41,setosa
4.63,3.47,1.92,-0.01,setosa
6.23,3.06,5.02,2.05,virginica
5.93,2.98,5.70,2.21,virginica
5.84,3.13,4.85,1.47,versicolor
4.75,3.43,1.21,0.24,setosa
5.56,3.06,1.58,0.09,setosa
6.40,3.07,4.19,1.42,versicolor
5.93,2.33,4.55,1.23,versicolor
5.23,3.66,1.20,0.53,setosa
5.85,2.75,4.51,1.21,versicolor
5.24,2.61,4.06,1.40,versicolor
6.16,3.11,5.02,1.93,virginica
5.85,2.54,3.92,1.72,versicolor
6.21,3.09,5.82,2.23,virginica
5.37,3.89,1.89,0.28,setosa
5.74,3.43,1.27,0.27,setosa
6.84,2.80,5.45,2.55,virginica
5.54,3.26,1.52,0.16,setosa
5.95,2.71,3.65,1.35,versicolor
6.62,3.16,5.93,1.90,virginica
5.49,2.51,4.03,1.55,versicolor
6.40,2.85,5.74,1.98,virginica
5.70,2.71,4.27,1.33,versicolor
6.95,3.23,5.84,1.99,virginica
6.22,2.87,5.66,1.72,virginica
4.44,3.62,1.32,0.36,setosa
6.81,3.24,5.82,1.83,virginica
6.56,2.76,5.00,2.03,virginica
4.79,3.09,1.15,0.16,setosa
4.42,2.98,1.58,0.26,setosa
7.09,2.54,4.87,2.26,virginica
4.64,3.54,1.53,0.22,setosa
6.31,2.53,3.95,1.13,versicolor
6.62,2.94,6.01,1.91,virginica
5.14,3.35,1.81,0.25,setosa
6.44,3.19,5.70,2.03,virginica
4.94,3.66,1.28,0.06,setosa
6.05,2.90,4.24,1.25,versicolor
6.91,3.33,5.35,2.06,virginica
6.27,2.50,4.47,1.39,versicolor
5.04,3.31,1.98,0.08,setosa
4.49,3.05,1.11,0.18,setosa
6.77,2.75,5.35,2.23,virginica
4.70,3.45,1.56,0.50,setosa
6.62,2.78,5.72,1.76,virginica
5.49,3.48,1.82,0.52,setosa
6.20,2.43,4.52,1.32,versicolor
5.84,2.68,4.08,1.40,versicolor
6.39,2.88,5.49,1.70,virginica
6.31,3.34,5.35,2.13,virginica
6.00,2.70,5.80,2.14,virginica
4.97,3.47,1.86,0.16,setosa
6.61,2.70,5.40,2.18,virginica
5.98,2.72,4.03,1.35,versicolor
6.36,2.99,4.53,0.72,versicolor
6.53,2.66,4.28,1.63,versicolor
6.15,2.64,4.12,0.93,versicolor
6.10,2.79,5.85,2.05,virginica
